time,vibration,temperature,load,health_score
499,1.1004166791446894,65.33005129456889,9.84474095117525,8.725642679709246
499,1.2945314344579784,65.3506478914358,8.80581059890771,8.777229756870383
499,1.0488352025326597,66.58947094011378,8.829719293603226,9.973580786822396
499,1.2938282784582547,65.38876376442482,9.820380278594367,8.846089343473366
499,2.511756794147136,66.05417070234105,10.801181763988183,9.672749696959094
499,2.305439192819805,65.63438845353818,10.135491372316762,9.245178712082328
499,1.3304702232241974,64.55596664567639,9.053686177252203,8.041873632712743
499,0.8940115395772792,63.759021503194745,9.79734673717785,7.1539142013087655
499,1.526440666416698,65.66610363829716,9.846214834853809,9.096225962448592
499,1.394990347256309,65.5552002170846,11.025134604557582,8.985693308673277
499,1.6203353691029818,65.42568311192451,11.031415906434008,8.858498657502366
499,1.4296755093721647,64.89925324266088,11.569685680977758,8.39588966804562
499,0.6629080999536971,63.85310930760085,7.763354846779285,7.241839231087383
499,0.9387039159876283,65.3436795955057,10.354048508587546,8.636776091173616
499,2.0920096069757372,65.08383294538558,10.538229311830417,8.618342054623014
499,1.8455987289206643,65.00558457256966,9.9875686478182,8.55811968406337
499,1.3212674583836428,65.95490275875423,9.392853291272742,9.291762707001794
499,1.0531920224015976,65.17423808059769,10.954034038722888,8.519272274058153
499,0.845774684388573,66.808106207892,9.771115791112289,10.122466673743034
499,1.5923402788689112,65.84857336152493,10.830209388039723,9.260123206850373
499,1.8055773516961224,66.68134960150272,9.045940657979708,10.253963568148464
499,1.6095973263885552,65.66834688531904,9.009247191139355,9.154054252472477
499,1.1401281334851987,64.58324153556659,10.082822891163838,8.100758523780883
499,1.4229740948344256,63.98882888807839,10.667322518984337,7.453274125677808
499,1.8601130499614422,65.78301867623152,9.781289540274816,9.333773944812137
499,0.04852523614103621,65.3459743877258,10.382770236073,8.448535849368831
499,1.150468275302596,64.28871890683774,9.086205680258969,7.697781976243725
499,1.256895984097053,64.58580938638704,9.106697390352908,8.00728281105539
499,1.9382795314267087,64.76305782146318,8.94797273077321,8.2254296033569
499,1.8627687711586316,64.72242283183243,10.655889442955585,8.233601782284353
499,0.4115926154574625,64.54623043694215,8.1024608061884,7.954915948151225
499,1.6860444164776454,63.27147592900941,10.638081711394598,6.775479673447677
499,2.230773529185231,64.6351888891962,8.139407053405492,8.22795094877413
499,1.7317110078000875,63.92794295262311,9.192369325232075,7.465760714798392
499,1.9588497905695172,63.73472007534965,11.035887712429448,7.272228071114014
499,1.9635688740951722,65.07805507276593,9.80110435830834,8.525754366891888
499,1.906151965543829,63.55815543558457,12.15971696781953,7.12782899372543
499,0.8136051559138409,65.05070399013066,9.212962849277229,8.359598557944793
499,1.542992160289777,64.49312340686092,9.993602414039307,7.981627000702467
499,0.7558746089486774,63.51258633997367,10.358503712876747,6.827915749409783
499,1.133743703571665,64.37893643723447,8.531306974414695,7.734823085089019
499,1.8745629359628957,66.26792212817976,10.600220511772799,9.746880024740449
499,1.9286476542400561,63.405440586123234,10.168943842664152,6.9809110258970435
499,1.9834791305557125,65.9406270673291,9.298939772169303,9.459536826790078
499,1.2603261694826693,65.93800378172647,8.724087755104847,9.341878899275294
499,1.4576262847174855,63.50396188823075,11.820613425241698,6.990641541969538
499,2.4361190242290442,65.3831453683854,10.44986054566496,9.013325624997513
499,1.5543100449445209,65.16516018011106,8.723979219226294,8.550563722656257
499,1.9626006465980907,66.82525115221245,9.828778982793649,10.300291146041467
499,1.4292365253496868,66.34166153774311,9.800309264287533,9.742035983167085
499,1.389310488068655,67.14666046028393,9.392379613471919,10.588026480340659
499,1.1778176304746255,65.54283786828906,9.101139937980438,8.90232449744962
499,0.976123985258522,65.26785671771037,9.9748087027014,8.710208548394682
499,2.1655691005800106,66.79854928996272,8.153310351280838,10.355398216299037
499,1.488595304727157,64.8534866629389,9.462096659639208,8.282230393527136
499,2.637352005416531,65.19257473135771,8.849704952554317,8.889555022251336
499,1.569320617163565,65.44050640227897,10.908775833541295,8.981410693937462
499,1.8272528172713154,63.36719847060409,10.695363723864126,6.908529707621447
499,1.6586723570044861,64.14817010515708,9.803578073983275,7.594354728197409
499,0.6428947122683728,65.75483458356493,10.796222174176942,9.02406076858994
499,1.8589007065012897,65.57877337676115,10.881099453462511,9.067495583364334
499,1.1793798811486182,64.81153536776691,9.195671201823393,8.235177713017492
499,2.0376136089811943,65.23711895177749,10.629230599269942,8.802149179847952
499,1.1762475908401315,63.31785355946225,11.174263221704871,6.7945155259672205
499,1.7177276738902016,65.60137818850157,9.546101464963211,9.144504152645943
499,1.8211465488899758,65.11006294082415,8.816967471273381,8.65345897577717
499,0.9143863069194857,65.03444286707322,10.057381541602641,8.3536393405424
499,1.2969494838048061,64.87238099588679,10.064325220647616,8.292224224695495
499,1.628049582677374,65.58342608142348,10.529160538276972,9.04849204473684
499,1.4003641369091102,63.378828200622955,9.4919422129936,6.83737892855526
499,1.6362945036456304,66.23042696110238,9.215534071203,9.6463197558245
499,1.3940531412376187,64.23240230908925,9.375326619999488,7.623010553509069
499,1.869457341007876,63.67584095937942,9.354291503023033,7.19602610136819
499,0.699041034143876,64.29376245830372,9.537472351812177,7.605777440188845
499,1.4142616674371766,64.57996763152269,10.112288702173526,7.967529970163852
499,1.73927800803642,64.98933450486933,9.635309513353265,8.572092201764136
499,1.668323917570202,63.390839183285344,9.199621047421557,6.890086376142349
499,2.331986843930051,65.24812074975259,9.242834354263746,8.813929449473875
499,1.3575242944459611,62.874105671985085,10.235183836687455,6.340220041232996
499,1.4182949608473625,64.16561266900271,8.916274031954122,7.677405134520029
499,1.3545732936053607,67.04844511572668,10.348651549621525,10.421320368372768
499,1.3269661923362386,65.38583643407557,9.842365693731834,8.88113967477642
499,1.1699616849627235,64.94158787501914,11.558972606483152,8.286168230311858
499,1.5454342415080073,65.25270539786655,8.713294560741298,8.701760262908877
499,1.285827380554554,63.24387900492754,9.96590332371541,6.63037613303505
499,1.3480782253161032,65.91859022187035,9.551934368498271,9.321484016697553
499,1.8753579931026068,64.80762819809183,11.209191810591314,8.29163769831247
499,0.5395798019803606,66.03971212821617,10.932765904063102,9.345559595965867
499,0.7801947234705648,64.11969143712847,9.004628268586774,7.456006991991664
499,1.3319221280832028,64.3201379864231,12.920229532168607,7.813712123521711
499,0.7872380778341361,65.35518428037378,11.259939077409728,8.629393797413606
499,1.3923437179497702,64.08555539326969,11.055653374993964,7.545961817189436
499,1.6000631740338056,64.85095511718062,9.886081794916123,8.326824166539602
499,0.8559554288575915,66.25114079016348,10.047624128440109,9.540068163103221
499,1.352152809381772,63.974171538206406,8.691293637258845,7.386688280009423
499,1.7501293851841404,65.55951626365557,9.196549582322278,9.006980873577326
499,2.402339936388066,65.10621922044552,9.208115886220055,8.698987074871397
499,1.7735350080329277,64.4531037267862,11.549901563798933,7.966618109127232
499,1.7641256336659092,65.95372034944349,10.767860034392985,9.324033875966705
499,2.366960186701415,65.39326409457705,8.221902350004429,9.00648342687181
499,1.138027489395732,65.46466072291193,9.906474654605763,8.842994209284882
499,1.2997696482245555,65.0926908206688,10.402925292851032,8.499798510093349
499,1.0694842895183654,65.95685473712555,9.687533193364526,9.282800071734137
499,1.1719639158241382,64.84282644313379,10.613973750207242,8.237907012487696
499,1.096898603261699,66.27164551514248,10.179141053826182,9.595318655001996
499,1.2325537827832016,65.72255786791115,10.28566238463876,9.117664601620511
499,0.4577717120553175,64.8979839147019,9.003340703680754,8.20040087597026
499,1.3804786714491986,64.80236841259702,8.775793543976384,8.165212553034245
499,1.5093701197585965,67.4052547142488,9.698045735320425,10.878626468278405
499,0.9633956803380075,64.74307396110521,9.877950147823201,8.147550918639524
499,1.978981989616639,65.73727261712703,9.012263186981919,9.20424263345081
499,2.507016835922529,65.22006355405149,11.748915981528574,8.799785668904
499,1.4362716423860715,65.18437681667136,10.399682538760404,8.694632305952176
499,1.3582426660207072,64.83042047223714,9.384585488931108,8.227141040709107
499,1.1733709601307063,65.0163463157856,10.491773981033596,8.376265297956024
499,2.206971135508322,63.567355167401274,11.00098660234303,7.115563669291042
499,1.2848368706296072,64.35627758952148,9.205514837750055,7.755002942046531
499,1.7733147468427763,64.71062891286601,9.911835441213842,8.254457123687104
499,1.7005569458026235,64.23387283874604,9.154036109269732,7.7142427261155575
499,2.164535020321474,66.17511248748897,10.617877585163445,9.733862217950438
499,2.2421504336804103,64.60702649914536,10.039696318213124,8.239721914912693
499,1.7244874301711968,65.29427287830771,9.507078254628919,8.834575500515214
499,1.3350871066240608,67.02902959627991,9.976944944964934,10.445117432312017
499,2.270429906384842,66.0920379079664,11.080977525525888,9.678886722075411
499,0.7277238224535862,65.56733250192073,10.655882121032874,9.01706255765992
499,2.6731047257454694,64.93248917528683,9.41231799342791,8.664754088747088
499,0.9631980042834716,65.46922591464644,9.911985328924105,8.835771929646597
499,2.2019737278622484,65.09265925420584,9.16184611136317,8.614934165677155
499,1.8266212277361293,64.51918137404834,8.650381828407843,7.973670787515275
499,2.3425286812030492,64.23472768662805,9.859186218467874,7.933828746838429
499,1.0418295334175247,64.8961482159056,11.394035237257821,8.353093974155591
499,1.8238353748753517,63.40678143505701,10.545166503799965,6.881971433453856
499,0.9403940176058789,66.69003273024376,10.035620017566998,9.96379530474453
499,2.090107254911368,66.04643355315923,8.889644610767292,9.63198428747873
499,2.252874269587126,64.37085512177941,9.60252914261864,7.975164442271186
499,1.0048392763840306,64.99553596466158,10.177107790885247,8.388532419040487
499,1.2029675246453089,64.8258145378278,9.514442129777148,8.262021369097901
499,0.9722918837360903,64.94927589696488,9.844263338955185,8.368847213639206
499,1.7675357840090384,66.47354714965915,9.03078163748757,10.005081733600903
499,1.4650569065559331,65.30378353123555,8.376463575913071,8.751601488860096
499,1.4445702649372059,65.39537957121522,11.230033140311065,8.78359912327518
499,2.0079287426361896,63.763698378986234,8.948112091959262,7.314476622838413
499,2.06347870621552,65.33395464556308,9.648041133757612,8.814600807047405
499,2.205536073339635,65.80666719695111,11.729215150592813,9.370126302398091
499,1.261944674476041,66.25103682451015,9.558680933049107,9.66267753393624
499,1.423191479618096,64.45939235927304,8.128850699887987,7.843247080334564
499,1.6310760318194641,65.98783358074033,10.91950285014685,9.504650107672404
499,2.3984987913297484,63.892599367902854,10.53530377998509,7.528555320429973
499,1.4608831986738018,64.69943329374917,10.524096235729075,8.070731420230324
499,2.2096938510934283,64.78665340361358,11.188829199930664,8.34853044354498
499,1.7080086003346007,64.885662083543,9.058688544082601,8.30443955766033
499,1.2133298083097201,64.5938019732956,9.875780282420644,7.980543532328994
499,1.0950497514792905,65.06558460194901,11.138880955991013,8.390563794060732
499,1.4720822207612452,65.30828565102863,9.734686723266266,8.759902066153359
499,1.5303861702464696,67.18087894717561,11.292247043375834,10.642229109541624
499,1.747498673550829,66.26386530208852,8.371190408741603,9.737561714226246
499,1.7879879384597488,66.02484051169743,9.450509039461384,9.449925547253983
499,0.4848485602088193,64.90785188404551,10.013106954135786,8.165591484383498
499,0.9072902040911006,64.38009057048316,10.815195430008352,7.808731253078733
499,1.3118729558947666,63.176779666494966,9.324307820130185,6.64403647523816
499,1.8106746192780987,65.60771425911366,9.652318151556106,9.055410061306375
499,1.877865118075848,66.00363607897904,11.171911561835962,9.53372789215836
499,2.245061884318351,64.76160882313107,10.811356701231992,8.321882278906457
499,0.5386298832729688,63.758896646443354,9.529530578269366,7.125235039483158
499,1.2580177719454362,63.698982608293036,11.141271996168701,7.166992368738384
499,1.7276283214971173,62.91140389900983,11.35675157000125,6.415336889296341
499,1.1305722580649502,63.746412146020255,11.705889810524017,7.254624994470646
499,1.895057058845655,65.28092274554392,9.768320445332687,8.86221534466869
499,1.0069375426977047,66.45090897227433,10.34004208792924,9.765419917814157
499,1.2448066559412592,62.87924767755634,9.394597865502451,6.328229231935907
499,1.8296334766762876,64.2867267578086,10.311023910845734,7.857495241318617
499,1.520844035511514,64.92143418065706,10.627684433120194,8.345131532606224
499,1.3901412520354208,63.88427528616457,10.766915779380994,7.276246882471597
499,2.202487100047221,62.23133828567897,8.776484984548013,5.9011702171432034
499,2.204861347624402,65.38410867056325,10.52608142486408,8.982826083085797
499,2.3620188475346375,64.8752184154678,9.054648075397154,8.48308310971592
499,1.8263736379915976,65.18805226954254,9.339036978754521,8.74297221079248
499,2.018133348636998,64.49017847424895,11.198838937116314,8.044601757554155
499,1.7817295105317787,64.05810606883279,9.589299887434805,7.616649457545435
499,0.862573457795015,64.32699885370097,9.238001493361175,7.708364936620264
499,2.1725927476980202,65.36945656428146,11.111562663892084,8.887797021140955
499,1.048899932009705,63.41153026352478,10.595386688890425,6.760887441401138
499,1.5161772938765932,64.6635196069082,8.794013909602091,8.157088474687512
499,1.0483453500530313,64.34231143118032,10.22195916778101,7.70382184493581
499,1.9051690430854966,63.082885548496655,11.232939659239996,6.601745389979655
499,2.3766231546898995,64.3876495799716,8.77584400768029,8.04172070443768
499,0.7492128372192455,62.895739404411344,7.730587036860413,6.279907824270396
499,1.623206155816117,64.97628888221396,9.164497903236738,8.492715677558664
499,1.4057707135525606,64.44856603121315,11.422178936095047,7.888570109908564
499,1.5425307098768402,64.02266660886959,9.945924291117064,7.46688037916465
499,1.848868455569245,64.08547847533114,10.1882579278498,7.6138113909225
499,1.889610871512537,64.82961269328672,10.294078329789382,8.303794845692025
499,0.865032777495355,64.9787449537944,8.590845010380363,8.35327981697516
499,0.9602856981273185,66.34088180953478,9.659779048964351,9.679306302559787
499,2.088920211752159,65.94905430312616,11.10261556171327,9.433206115980823
499,2.741861485520953,65.925761078983,9.957938122668592,9.631995968357806
499,2.389915662039974,65.86442147607343,9.000235437873789,9.41744745599226
499,1.340028248537846,66.62505084157199,10.38127828644275,10.024225043544739
499,1.0417929308670366,66.26147207435542,9.642153825880866,9.556652288135027
499,1.5432215559524431,64.5417420130064,10.601458552340446,8.043314591944963
499,1.0532757515536146,64.61902839305611,9.58555190053149,8.016360895011545
499,1.6041465416752125,65.14941337893197,9.365739353926182,8.650648742166048
499,2.119392342144088,64.22985657813132,11.643726083842745,7.911070557773925
499,1.8386326467125977,64.79399956722497,8.676307317494059,8.34423347666047
499,1.3772701425042617,66.06450405907286,9.764014523562238,9.481835570172834
499,1.7925389288984284,65.34973759421305,11.046714707321687,8.87824047876795
499,1.2221983871988322,63.99925489204282,10.324733638176472,7.4437879183453575
499,2.083754703985286,64.10832773463716,9.1881625053607,7.671230732383094
499,2.099453195539564,64.43759483159728,11.644221049531497,8.071946728237947
499,1.344951404629402,65.85967825457604,10.608434505653179,9.29747183365479
499,2.222736079189935,64.78728158724242,9.399185863513233,8.402108599759075
499,1.2928272126142542,62.58043866230604,8.840068791215655,5.99097058832978
499,0.6544663228815533,64.82056283212619,10.376976509059318,8.06558491050965
499,2.244376493088313,63.95256233152468,9.4669405765356,7.521300296868674
499,1.1620958815542566,63.76162910144424,9.949310448571197,7.071945224077716
499,2.2496211093506417,64.87405171645725,9.300428645283185,8.499022421173294
499,1.158130580779988,65.59708500834887,9.873739178249416,8.94050789585927
499,0.9010150988322103,64.87384952169997,9.688918263462078,8.281011491957386
499,1.5497503448246412,65.79385105840008,10.750418658259987,9.217275637477599
499,1.4815589723201787,64.09021775054428,11.263273656397644,7.567260589604373
499,1.6069894545998755,65.0079144895657,11.254140658190705,8.500774298376648
499,0.6899469947793428,64.39970203622448,8.1162724465579,7.716607062366322
499,1.1385029646526417,65.10818470195376,10.061617152835169,8.563226245602515
499,0.37448365348562973,64.86293850019712,10.658817853231273,8.167013525753212
499,1.4300889226352353,65.14271634547086,7.803746343541663,8.650689199849644
499,2.803030367914492,68.04131639989988,10.02683092166596,11.751535055767896
499,0.657146797034921,64.91927832066955,10.742499416338843,8.28200234233907
499,1.4602791481176602,65.18053039779815,11.404045871069341,8.674713269502966
499,1.2384160816940324,64.06922288720124,8.631187551460474,7.51354608374222
499,1.2635023829133467,64.95903202315131,9.90225362606967,8.366632810789177
499,1.377684212038015,65.58170582970988,10.310433059944842,8.928377346852386
499,2.1790431841459137,65.91773790164464,11.281526342751066,9.431236319874841
499,1.4933416052875574,66.65108889529915,9.048238185630844,10.074519649314794
499,1.5398076583465348,64.43583394318287,9.255228405141612,7.939200563017451
499,2.0838368259558684,64.5728503617422,11.32967683707799,8.085210471092488
499,1.43408923510085,65.49764347964461,10.271544663502935,8.951706243973284
499,0.07580413123260321,63.58190603129442,9.52333563377827,6.764543683815134
499,1.320951541745166,63.76896846405873,9.102781612613965,7.166496296464857
499,1.2649040081710683,64.93768987772901,9.33863542083167,8.361013804426761
499,1.8005044145713855,63.88589707487072,10.590232761529197,7.432180033323753
499,1.3972634143628249,65.9932080858186,9.926594599482888,9.31279785424546
499,0.8221761599810509,65.01329365232853,8.981563915613252,8.33985434252478
499,1.1726560970057474,63.89684050578821,10.933899248636267,7.300233442543785
499,0.7594627290895002,64.54223875228462,10.424271537947806,7.897092859288421
499,0.4418057568353868,64.04534859559493,10.17722654135324,7.293780918867846
499,1.5984764613574864,64.29692157416318,11.256070522209363,7.700421099327492
499,1.6036176539666624,65.3423009508823,9.133728622998582,8.818534689925094
499,2.4112514239781175,64.57633966034918,10.25177864320002,8.165406057639814
499,1.7082446674239318,66.19248110062706,8.990786917807869,9.693543133608465
499,0.9509586931558061,62.55576984183855,11.408350526715374,5.907477183878804
499,1.1337112054930492,63.951577127656584,10.799100295823298,7.387606177844539
499,1.3615392807361086,65.72812904767878,10.083724264749746,9.089947273372744
499,0.7276210595997319,64.4746923853288,11.1221474180425,7.808232898874095
499,1.7234373473289526,65.65737496778442,9.232603705222088,9.187184535802558
499,1.6040410491425101,64.19498383475964,10.61713445593797,7.654540016115952
499,0.8041611780271829,65.06346628294192,10.029768808652843,8.442916029109782
499,2.6953372933687114,65.2752757194053,9.763416516950647,8.950536013201727
499,0.3698490190950712,64.95620802489087,10.810620981473273,8.21863970782207
499,1.327132814804898,65.51333600300543,10.274716033805488,8.85016466132597
499,1.422662275109076,65.4709496225206,9.709972608127273,8.93606302476934
499,0.7675478404464173,64.48971805406678,11.32019126089866,7.760942577908857
499,1.6646100198666902,65.35344699057097,8.46876232794983,8.861122764745666
499,1.7726878579138123,66.35366801626338,11.052482470944039,9.838310698647668
499,1.6716671728014136,66.27215066537784,10.823268369823287,9.745347606897731
499,1.470124173108716,65.41089228655854,9.451614737148148,8.846337686075898
499,1.9260181812784634,64.85264280473564,9.849440233105005,8.406243972982288
499,2.2374539220033958,64.85975192504094,9.13684380576234,8.481531357198222
499,1.3894429946906914,67.02197216632499,9.289567654784946,10.457771678173216
499,0.7459566909495692,64.76764993591445,9.959986038485107,8.07150565965258
499,0.8207856977937873,65.47308600227888,9.633991981378399,8.797308417771525
499,0.8453150196216825,66.21769718081987,8.581017584459563,9.507031733307095
499,1.3935992756056181,65.29509835486527,9.441318307170507,8.769159877246572
499,2.276274746574329,64.05245701580431,8.177822395743199,7.673903560931741
499,1.63214930679852,65.83740796359876,11.295378203844386,9.341575046720791
499,0.6204776229345343,65.24848492456266,9.074966630910687,8.5605639597659
499,0.6796817795483099,64.8816562859042,8.53086051386537,8.276446285495837
499,0.9958315475105668,63.25205160741233,10.533475309723093,6.617196676297503
499,0.9406483472642884,65.36675077936272,8.21867946774893,8.710628124751231
499,1.8900203672151508,65.8943260735407,8.25241774483286,9.43538121413826
499,0.6547921504734804,65.23625561969858,9.727879777715193,8.57636630286536
499,2.132516837385591,64.44046473873118,11.660934347369013,8.048448121641187
499,1.5233367850290715,64.68014374904227,10.842458975743254,8.10801284965185
499,0.7479777799943981,62.98410120869157,9.35536963184583,6.269843697667731
499,1.3633602460336562,65.13806627533656,9.529949660339,8.617607596328114
499,1.6210715448420387,64.9763229179078,9.32432280585762,8.563138513741528
499,1.6478779560818184,65.79226228527325,9.461271366091976,9.280824169454412
499,1.34744767554321,65.3637992775231,8.725689130512816,8.744891457202883
499,0.8395230474285902,65.8347716547076,10.432046210107854,9.205103999487811
499,1.6560408624146783,63.00332280249651,10.427235581883695,6.5401886302901815
499,1.4268456445483868,64.60893871091491,9.95970242182148,8.07159710718561
499,1.5059400838796193,64.66028803976926,10.9549858651775,8.062825152497027
499,1.404453803271732,64.93247957774156,10.06885831851743,8.418894502886097
499,1.6040019612589071,66.05751064873658,9.09170143493974,9.526806466099707
499,1.0884975641969472,65.3584473576808,9.462852885395947,8.690116007570047
499,1.6571528861804687,65.27491013212888,9.202667883211074,8.844771514880563
499,0.8286598143316148,64.20178037929222,10.44668982579675,7.574600672104729
499,1.8254761156315369,63.531976486353976,10.378825514474258,7.103910460387638
499,1.5438839178597323,65.04314505411443,10.00263935145823,8.52451087933406
499,1.7277623144421275,63.808736547945045,8.262555660104045,7.393336625953708
499,1.4556254801236985,64.56477856258249,9.718680455455072,7.983463972298189
499,1.2078797964171863,65.33196392534234,9.61704233709783,8.76720485820119
499,1.5217379926496102,64.44157975867026,9.046966051044912,7.925123687688803
499,0.9406542632063446,65.91343318682706,9.135471321053544,9.329066396007995
499,1.8939530081798093,66.05349285098085,10.881487270017367,9.556488072922363
499,2.2917267275235833,64.68671950069668,11.500300146017816,8.309515529699638
499,1.5575710493789618,65.10860586476565,9.8937378517447,8.630568615641543
499,1.6053601695052553,65.5044714955069,9.868705834587185,9.003980390772824
499,1.6866583524979868,66.12855027686729,9.36958254327613,9.564767765053226
499,2.242794928665833,64.95781405996775,9.164672235651404,8.59920708288923
499,1.3661737622245331,65.10441662082367,8.615203566840245,8.516382368277235
499,1.6188996320900215,66.00264972404094,11.394439861794506,9.461837431195008
499,1.4318448264509773,66.05082348699301,11.408274212423835,9.452654018404601
499,1.6890063041924515,63.98611679439936,11.081981798493716,7.465745904866807
499,2.0229610517794345,64.83667766616654,10.1113167058112,8.46594698776039
499,1.620998658383978,65.61774325696791,10.73397615702254,9.10779280152066
499,1.3925197676532326,65.50110041158626,10.935207765034757,9.01254554232873
499,0.8980253334875647,64.59607772451173,9.603538537954796,7.929742298548476
499,1.1840583476051847,66.22737995117694,9.52189041991055,9.602168533334115
499,0.866118652031231,64.65889714830556,9.198370233348022,8.055786633303164
499,1.8601530917321,67.0953833892114,10.50675572552751,10.562736772879191
499,1.4172428003222066,64.00932996073789,10.423155694617869,7.472786882692759
499,0.9606923035939041,64.72443309157578,9.188750599795009,8.048932611530816
499,1.657002480144684,66.80563534306737,9.617796261487147,10.276994021908742
499,2.1034340346359133,64.47786061657794,11.141947179206209,7.998077842726168
499,1.7500710626496687,66.76294072441685,9.704786504904279,10.244460934764035
499,2.1037474226430715,65.69311280541206,10.651958521021244,9.319522702397983
499,0.6598244531980173,65.94567129812172,9.784202591216093,9.20573224244113
499,1.7485940815826084,64.62262922516771,10.966497014394326,8.21783227672249
499,1.700340561870858,65.21476715352084,8.952835504210709,8.69917408658739
499,1.7549690165398915,66.53001485189014,10.34496142105386,9.943067486550639
499,1.2178602163082135,65.6601056438142,9.38549155594933,8.973425586189613
499,1.0545591772606286,66.82056644786121,10.809360097029224,10.145254534845705
499,0.6523012928987781,64.63577859654382,9.346155426136946,8.019137324389078
499,1.8833119593124863,65.54295869182701,11.012578611518233,9.062841840364655
499,1.3370176514294059,65.39931942332284,8.45764466646934,8.763771131364756
499,0.9594187812802262,65.69679633118758,10.36211562701311,9.049856850968688
499,1.5939373503635166,65.12999654047724,11.03325216231464,8.585611238310818
499,1.3772776526517012,64.84569958214891,10.818475991118406,8.317079483201411
499,0.8890685679344714,64.94579302786414,9.086094069808953,8.3644406396539
499,1.3268313734550121,65.49359943269954,11.039233413501403,8.915924215239912
499,2.419423424290058,63.03738701311484,9.034089801990964,6.6880583496841055
499,2.662846196581458,65.4250998086674,11.80436780330296,9.14835680481194
499,1.2580095407736636,63.58777563379451,8.943825988084292,6.9912991879936754
499,1.418380446494528,65.59272673949471,11.930278477942526,9.018671395084802
499,1.6997278028121534,64.59301351603443,10.663819488832782,8.122958019321395
499,0.8051749694770882,65.0254209921815,10.119052872460827,8.372576457897686
499,1.4157275758941008,66.15601857758318,9.651860605868915,9.568673357035287
499,1.3485486389627825,65.96488080746241,10.064229949903657,9.37135620609029
499,1.6432462795002079,65.37603154845308,10.744255886449679,8.848294585984739
499,0.7720007670845712,63.68383494402456,11.153367634349884,7.0009740873883075
499,2.1677587340144786,63.797858916279026,9.130011123786048,7.3193221029501885
499,1.7069824069379191,63.17417570331596,10.345517521803096,6.68764378358734
499,1.9530577384960033,65.77022657950945,9.700836207390982,9.258742386940256
499,1.034763301063039,64.80599574133828,10.954213392364613,8.118476230379514
499,1.651304049319887,64.72599314798842,10.570626813645601,8.150763178425933
499,1.2578118566197212,65.21261411225231,8.901997770349269,8.6152448246187
499,0.646100645311634,67.05688609372581,8.26667058690982,10.401515949451273
499,1.3329629697817602,64.07409681553584,10.970320790036345,7.488532590073206
499,1.461952976973155,64.57012445252874,9.617050805988754,8.045866859458826
499,2.237097514346204,65.27592625951976,10.308207519829887,8.825198945241283
499,0.04058867146635414,66.70461458073781,8.876652877214788,9.858085826239268
499,1.6260743757519158,64.06705112995397,11.564163514626067,7.527218587161492
499,1.2194032984393304,65.20268910478936,9.476153923516595,8.550846418206234
499,1.703096254319711,65.62196388175543,11.039893970770333,9.064285311933865
499,1.8421467547725245,64.2870225687762,10.73547438853511,7.859131670069246
499,1.5296455511049867,66.20662182792255,10.006220149195391,9.708361219849905
499,2.0196840837230337,67.96418593622005,8.14731746084621,11.39282738495669
499,1.758745674083163,63.72795345815365,11.049783687668713,7.2559879373266085
499,0.7046103361333076,64.08323477386116,11.07496819604806,7.5167684501122025
499,0.6464704114714293,66.09065045781472,9.836436668023131,9.271305664556849
499,1.3363503275793374,64.20258101330187,11.198208730101788,7.680394952875105
499,1.6122185604520367,65.73125277634344,11.942860587055764,9.218292139155956
499,3.1409426421011286,64.86380328676594,11.83553621081875,8.631146141558972
499,1.873502554129461,65.38035010472879,11.228141585298516,8.882727263989501
499,1.1209205876140813,65.54470520081449,9.703429258245917,8.880810014586174
499,1.1539603878960485,64.63126002009233,8.352539773035634,7.986379954762839
499,1.044698441627618,64.09321085072729,9.42717765753627,7.434128223136234
499,2.004874988979407,65.8513473265935,9.28436493220051,9.418768285599654
499,1.419606196281997,64.97354265228753,10.32592297643154,8.389160694998282
499,1.2427682019728346,65.26262231766282,7.66167197592712,8.598420597874423
499,1.9593186334496748,63.419848477615396,10.886135561600033,7.029781629852074
499,2.123091791418836,65.89828558846685,9.408696444626935,9.426208924115436
499,1.3336438043871568,63.794565198081266,9.242178617217581,7.2567245780734595
499,1.908594639944211,65.23800644003973,10.453915340230052,8.747464480957632
499,1.5660036931807348,64.50091735326443,11.666242072092144,8.042536383176447
499,1.7699762196985334,64.33717422357222,11.91895845098485,7.887931840678391
499,1.9461786084435115,63.4640030180182,9.951342907969527,7.0140638246379154
499,1.6620088460149414,64.94817847294775,10.397756841140946,8.410300444107179
499,1.7384990688234376,62.708442617309636,10.914979661722677,6.263296674325723
499,1.3225139809051278,68.31524653290109,10.248033431730772,11.706900012585841
499,0.6791331686045319,66.8368867433149,11.012928693621458,10.071142596254745
499,1.4906422495450746,65.14402555022687,10.462254366946102,8.653094573024738
499,0.7172748859459652,66.59154012110079,8.829245022718949,9.858298808357851
499,0.18701631914250205,64.78124157139352,9.652063714044349,8.036169312162109
499,1.3515691843639461,64.71401904129931,12.562140249716451,8.128259584573122
499,0.22997183088455486,63.468420099202724,11.92109615773387,6.689417872716071
499,1.3181950284678323,64.48254070475976,9.84825383812187,7.873736375902155
499,1.0110960866781906,64.92351118356746,9.330160492370654,8.317307978011605
499,1.4827529073953387,65.5171970269238,9.962286097706693,8.935228902005989
499,1.557265629306535,64.23714825686966,11.485195343969089,7.736249929213699
499,2.0219799462232,65.20468640816806,10.405174548972125,8.72975578113757
499,1.272094377890224,65.61463246330902,9.914004214978561,9.017384129614058
499,1.6701573657590219,66.0465737387867,11.411804560555893,9.464788642194819
499,1.6508309171232958,64.60797103199555,11.403863470780518,8.187490189315753
499,1.0532165481908073,66.21562512305344,9.995089267561607,9.598375308085608
499,1.8729103739819133,64.99934932518045,9.117078933848047,8.539560237056108
499,1.0388418999870095,63.308622348743064,9.61308324871586,6.736671412645578
499,1.6883109010886992,64.26672839106914,9.60525589858797,7.719541141469811
499,1.3621173676717104,67.15855426555531,10.61083242310289,10.54672086402391
499,1.4931960550901202,66.14819330669049,10.770460108968479,9.583668072775524
499,1.4293907442894647,66.10250731706381,10.896137915899606,9.536751102651166
499,1.8619651137448916,65.2430136592734,9.21638965886585,8.69215976809405
499,1.182475530029238,64.47161444838079,9.473613445492653,7.8602654250681
499,1.3182027716844815,64.2036631148715,10.329403478976461,7.719731379611858
499,1.1999362113532628,62.745255677082135,10.576713079100099,6.206804137441537
499,1.2423236678372325,63.92210835941002,10.643100256614384,7.346551894816784
499,1.389389457508444,62.11478279509298,8.575621446635745,5.6785400594782445
499,1.4674924273360883,64.91891917176739,11.119397530306333,8.338276920341748
499,1.3788922390365748,65.38364422359165,10.742424838218152,8.805792456243438
499,1.5984609321013235,65.51298390541048,9.948348093650777,8.993860576188808
499,1.7236292879006727,64.93523626741361,10.29213435771349,8.366758736320328
499,1.6363429354615082,64.22917933946522,10.162594581451646,7.72301723396162
499,2.050985602935538,65.01736304309198,9.477806967489132,8.538386915868735
499,2.148002977973767,65.4994657304403,8.516635560342271,9.05181368220427
499,0.8308426305930858,64.66750894137942,9.05463625622985,8.053872677682229
499,1.0724055858439794,64.84180190338483,11.955761063958446,8.213580252554642
499,1.242183870525015,64.23025118545067,8.856958135486884,7.716390448007928
499,0.5499936518385611,64.05952021928812,10.385111657976298,7.376641224928868
499,0.7031799470768934,64.69027606302186,10.11438846604236,8.020461990254155
499,1.9039213664311228,63.38672331776238,9.695201100945248,6.956244218278826
499,1.582443602161736,64.79226197250479,9.838845431553313,8.279732511208202
499,1.072746860379758,64.56597086049084,8.02620664699512,7.976362177649996
499,0.7950364160888297,65.1166204761889,9.555084734585234,8.431926335341174
499,1.1051376793384762,66.25681670222187,11.306605355913305,9.54417627356544
499,0.9279378568980996,65.54846591437463,10.27409874561674,8.921115746510942
499,1.832170184235277,65.37805022825128,10.061116034024957,8.888470851122754
499,1.6137232887900592,66.89151618739609,12.086932361651233,10.293353597992493
499,3.1370320517371924,64.52251622469325,9.08184453009442,8.329256694516012
499,1.3991588884961246,64.84506353946999,8.060304052792373,8.29661072965628
499,1.568298288333029,63.699123156935435,11.53476192856359,7.203341029042242
499,1.4577693344113518,66.27945782752258,11.173531601258963,9.756080366954201
499,1.1909769476821794,66.05772642532389,9.904753610604855,9.43602771261078
499,1.0057732852481827,63.68365319000178,8.630695892058565,7.10498860690214
499,0.7850853206675694,64.61953048349687,9.50947094266445,7.918131127062367
499,1.9338427230790578,63.4533666696547,10.296243487597824,6.982295618651911
499,1.3547977937549898,65.65217356303759,10.147922606972948,9.048778549691114
499,1.495743862701156,65.19173198063595,9.364292478924318,8.703584262504265
499,1.3627563031053533,65.87732311657892,7.927277708311451,9.299230731922414
499,1.890045223628453,65.21817326015393,6.212952346409553,8.726620090729753
499,1.9011892670517356,65.14009047797481,9.216965849702607,8.631583084157981
499,1.4571429672533718,65.51322613932618,10.275778455033855,8.882641211433302
499,1.4088607827079347,63.818675079888834,11.164169929665116,7.2847952701848655
499,0.9415910040074225,64.86785184147304,11.057308851353701,8.250480441691877
499,1.8272570061327649,65.92725841368897,11.324934989483241,9.416859378048585
499,1.4970361504127114,63.642826225430724,11.792396735067777,7.07805255342722
499,1.2058175708806802,66.30581324996174,11.442370495653005,9.604223825162741
499,1.5298848599050323,65.74980594357666,9.456202876111394,9.240704616882482
499,0.8679401975575671,65.16600299785918,8.384624465766715,8.472901726968836
499,0.7685954440631275,64.48084569471237,9.010980019063576,7.802171330213731
499,1.9238531169024884,63.8517214729205,10.337468648279962,7.360913438406335
499,1.5367439680357624,66.32408041405824,10.039246393366248,9.73328199174179
499,1.0737546980370523,64.69184930201152,9.990433939594118,8.114111343473873
499,2.0446743463659036,64.40502067404219,12.407676846009629,7.936430989916396
499,1.9362987090996597,68.25852227297577,11.147899162725952,11.785960506058508
499,1.5128030570609245,64.47707718692445,9.439217653974664,7.860401862004984
499,1.8316592330438763,65.59468982080753,11.259578604659605,9.076633331403187
499,1.5551682111674459,66.62631156261266,11.229255057599875,10.035026772843459
499,1.2021994398002236,64.0546139915592,9.597871300316134,7.3775492736725
499,0.9875895382537876,64.34713578564296,9.439356882693142,7.743857894385094
499,1.6907238246135905,65.59170517399808,9.962065414834845,9.036925577261457
499,1.3804129406359347,65.23700261028519,10.550836902476318,8.660265127552016
499,0.726259438759457,64.42650725271912,7.147341954787418,7.621405694929379
499,1.9791479497751001,64.6166473406231,12.356095408088656,8.195649689458435
499,1.589959433278095,65.59049431445303,11.456120881842306,8.986081973137424
499,2.1532827108164674,63.67008139451849,9.782819010959958,7.285170535775485
499,1.363389622278261,64.52667345079492,9.17948398966032,7.977269733749075
499,0.9922139834383068,64.41658154742316,11.66813719521625,7.850009339251798
499,1.6922829338425434,66.7095173342517,9.831846255038712,10.158272399066036
499,2.071572252710391,65.76998709224789,10.469278840028233,9.367292911962302
499,2.3434737821688487,65.04666214120118,9.735747963662428,8.673001289385624
499,2.5860903858066884,66.41723060430013,11.819772522825437,10.058016450694417
499,2.499553992232799,66.6812717900196,7.747995063113088,10.329500966409633
499,1.4214348299790591,67.11039262141782,11.466427799235785,10.479685583752968
499,2.5905806443070247,64.2366365145082,11.581255517779427,7.971573951675204
499,1.4088150752380997,66.3057994698056,10.715555473475188,9.76145666347896
499,0.7993352071291757,64.76944800757352,8.910114883552314,8.117720094343262
499,1.2736739347141144,65.61471370871419,9.402824330517406,8.976768073584203
499,0.9051550649192899,63.103839407541976,10.075511970630718,6.508270218839414
499,0.953154921794491,66.02948344047256,10.454999308685766,9.52331025988908
499,1.897886054488627,64.67588851096679,8.874096884425615,8.256776526477324
499,0.43838456362320244,65.32963773388843,7.811686462318084,8.577903629734159
499,0.9479852308123609,63.86666759139938,10.896904357013513,7.286284605835348
499,2.0923390799052566,65.15069481313557,10.757535508399245,8.722980234569171
499,1.7566437393588707,66.09438218825198,8.87216447054605,9.557954679610653
499,1.2411224213604344,64.03906488274255,10.151247561759973,7.416564646421456
499,1.1127400873211062,63.16692882628344,8.716390035723352,6.5735985670131285
499,1.4868780259992254,65.24291600648411,10.937406428509385,8.749238341621243
499,2.1785394660651978,64.16483281601973,10.087441855459703,7.729766465771007
499,2.02108344468793,64.08588963690275,10.744599044082461,7.574598383067276
499,0.7661688681912255,64.80388177572586,9.874474355814742,8.187519236210846
499,1.549761875511958,65.53067535388575,9.252044869624886,8.965780082137094
499,2.174464045753951,64.66251585885193,11.711593892112287,8.280798271494724
499,2.373852741202871,64.41481116404918,9.645285556408652,8.017587812161317
499,1.477496601578666,63.788909710744065,11.243910998945552,7.303069506220886
499,1.8889923646307571,65.04025022852021,10.19294418283855,8.5861251181501
499,1.7924041753469426,66.08035225161085,9.942338687936342,9.601236262835677
499,0.8824544572340123,64.53987989279395,8.85388848843839,7.808138163024822
499,1.2178290563587189,64.51754970379302,10.309668593904274,7.960615512856862
499,1.2991872999552698,65.18439101157946,9.410223473627498,8.569218101064372
499,1.4624906723570263,65.08656891194698,11.491102369403261,8.528788555746878
499,1.3214420247133676,64.78513321310646,8.545973352593629,8.166456573600847
499,1.1390617436838695,66.78396506906671,11.437360808141916,10.149530527629821
499,1.2584472207485304,64.56040401116795,10.462237888290547,8.100802702994173
499,1.6584718113560732,63.20827138138131,6.700883616740409,6.7332646045223115
499,2.185975298533803,65.25324301445896,11.855066458661508,8.849285540230426
499,1.3700397110320566,65.06391977531175,10.47577248689419,8.451825042240685
499,1.3792014824172005,64.24498495949285,10.862899329138802,7.66285984776367
499,0.57748930692395,64.38193200370483,10.365152967240979,7.7337148883470945
499,1.0919734823209744,65.05326739198989,11.638209236009939,8.428326757303296
499,1.207114488157513,64.78050182765647,11.082968297283369,8.278694681825655
499,0.6686019536712555,64.28720960007837,9.789435934497007,7.670208898837068
499,1.101842978666614,63.75406206749931,9.965440705976418,7.047045524035553
499,1.6746176193255673,65.10898567185367,10.507210355803602,8.580260305304712
499,1.8185657759127487,63.59104074004862,10.095058597884018,7.158224209991076
499,1.4372224750068308,66.36164249187846,10.476710166641928,9.796947242906427
499,1.6494739395476623,65.16778316715252,8.419364736663967,8.623120446844837
499,1.802375503540396,65.94938547623136,7.750681610345964,9.40033743908753
499,1.3873063596667743,64.07202999513413,10.380890273425,7.528774037404041
499,1.6143302784100177,65.54921852312016,9.874471486581008,8.96679950733511
499,1.0404438593299685,66.73972889693545,9.650865736010655,10.134310317934826
499,1.5222880862407355,65.16200295493749,8.146723675707456,8.59876786052157
499,2.533034803155478,65.41004683915695,9.086257245591884,9.040795527959503
499,2.000934884582718,65.4570634462016,10.901263863032037,8.945988862649727
499,1.672368727947046,63.204559251232396,9.82461955855084,6.740577923312003
499,1.6577949043390052,64.25533890854062,6.841807723697878,7.75801256528041
499,1.1646243146932251,64.85567214190368,10.21410367930198,8.240685154243664
499,1.1738068638245744,62.673712488039605,10.434901753035092,6.122278060268002
499,0.5558028268694182,65.69801137986877,10.617629036890344,9.026743378723332
499,0.9952234956162074,64.61318768865897,9.167090389860984,8.054893328803026
499,1.9645132277497437,65.27121646270457,10.470534230785402,8.830183549692393
499,1.355816179618149,67.3534573903411,10.647678097381053,10.692144040379588
499,1.804474409733549,65.00130539239638,9.740224793814678,8.497462215633178
499,1.4870322516048349,64.13739890364829,9.884693833572396,7.580318549327458
499,1.5520414863235947,66.28879673971463,9.95494827395615,9.685959462658658
499,1.8169567871272876,65.01896249247051,11.658451681876883,8.537546305496953
499,2.390875350282552,66.56465044249741,9.103394114282677,10.197891130753774
499,1.466590568930381,64.28632603982479,11.251612190808986,7.77924947961931
499,1.4071924509776705,63.76099768531584,9.521435608984584,7.19956884784947
499,1.4496913960690097,65.73591592807188,7.781604453877609,9.205304211325561
499,2.1164816156325372,65.64531023711473,10.172234554856297,9.251798057618501
499,1.2830216580346026,65.89669220232628,10.44184973085488,9.32943157704051
499,1.8797659277145509,64.70360138359925,11.833930547458657,8.221779009433284
499,1.695776541878712,66.08542615321173,10.515779406324256,9.59171624785202
499,1.4853389864958255,64.40306395646348,10.036265100665705,7.902899582832383
499,1.2573963098522878,63.44913500219186,10.69916072626445,6.85810408758109
499,1.9146707292549519,65.32886617102756,10.111241680169789,8.818105515448622
499,1.4267284348790508,65.60128894469764,9.38925717402318,9.01310548969574
499,1.4394603634166327,65.47216187709046,8.383539743054104,8.908861996810764
499,0.8674048452499923,64.47317108211774,9.803452405299034,7.804039332871717
499,0.7833969571713284,65.02201110069818,11.671783484204052,8.316842668239708
499,1.9615495186389922,63.78125517812363,11.009297913667831,7.402908161807353
499,1.2456448395266606,65.02331353191784,10.23992281690419,8.455241515465175
499,1.1339156858961768,65.79231776108358,10.096398072278141,9.218287378697603
499,1.5883221125339986,64.6472293382597,10.760978838863654,8.132366042307162
499,0.9792573465992731,66.30750128640722,10.770816918173415,9.742550488467955
499,2.0624872953432916,64.8526355355412,10.760256167569827,8.433413753148997
499,1.297790350334291,65.08562230195129,10.243597081997537,8.459905501368212
499,1.5815000995578479,62.82194929527735,10.290694781225136,6.368292430416936
499,1.603932693058443,64.3422790203888,11.15883330604955,7.861099193910505
499,1.8467638791779168,64.52532725071973,10.610043890936089,8.038092848452699
499,0.967541905034456,65.87831790849685,9.957361317715016,9.2702450581696
499,1.2613933543762659,64.7155310804288,10.728490065965957,8.230496199427016
499,1.286620979926403,62.60783183802415,10.17088490248904,6.063833875124317
499,2.46595484418816,64.01054221912366,10.802486179261024,7.7280617096462265
499,2.3402689761395017,66.56751143408883,10.996352228441493,10.16942698147988
499,0.6776119740522333,64.82981513609033,10.341656167166475,8.187377402170796
499,1.173350503065042,65.8180399316433,10.486566735648468,9.194994999553963
499,1.0576599480047708,66.40202657022414,9.547799566581235,9.72080537723258
499,1.0180889148451566,64.29925325211256,8.83889395603281,7.701931369650659
499,0.790567482127426,65.3344050007745,11.204604835583112,8.63299940623498
499,0.883060428156262,64.17593598294096,9.92414416759327,7.590385757482437
499,1.3919025445238877,65.89578478989142,9.458092410793972,9.287197182571703
499,1.4147441244054217,65.53895598689017,10.270617008824836,8.973270633188228
499,1.919317252068741,65.38947121735845,8.338252878809659,8.878071002333755
499,0.6878543992690145,65.27704229528145,6.900056998950403,8.627096295430654
499,2.0775349904277007,65.15513280365184,8.868640259343211,8.764935616175393
499,2.3488586520207715,64.45703589865319,9.557101423386069,8.050038454806717
499,1.5170257706956982,63.88646199990335,10.428780970867766,7.39215465579899
499,1.391717012911005,65.31905645052944,10.957125422343134,8.802938219167537
499,1.3047413767620522,66.3497205784054,10.271723979843854,9.741427931493085
499,1.564734602650273,64.21631932939195,10.196974106426719,7.695940336071899
499,0.59065386532716,65.37566735603019,9.643690321320522,8.653895403905949
499,1.8593056759384439,66.39170940341262,10.79795496397249,9.905627563340744
499,1.0869846858223697,64.80436469075013,11.29688295361514,8.166519370488878
499,0.607332672975136,65.81246837790454,9.361679108765806,9.08963939954544
499,1.4309334825390423,62.894388727197885,11.159470907449554,6.4076957690517276
499,1.322603211043877,64.53083011037904,11.646722842587216,7.890209570577106
499,1.6810067043812178,67.3007257697252,8.432882744828506,10.7619194047572
499,1.683404001601361,63.975854843010566,10.551713677788056,7.570666834726943
499,2026-04-11 02:03:21,1.0691842221145766,64.39477576116876,10.894625464234656,7.756140700365208,1.2308987440172925,False,75.38202511965414
499,2026-04-11 02:03:24,1.5313316242131396,65.12009068979638,9.355365919869993,8.56520838395813,1.341483160382639,False,73.17033679234723
499,2026-04-11 02:03:26,1.5204641804031789,66.74764641887495,10.463121780571974,10.197093458577172,1.612568682553896,False,67.74862634892207
499,2026-04-11 02:03:28,1.2542835528805052,64.2717071702532,9.378782201209084,7.758039326756027,1.2276701025819599,False,75.4465979483608
499,2026-04-11 02:03:57,1.3745253566322388,64.01275058990842,9.964090142222917,7.369355216929591,1.1759622616786543,False,76.48075476642691
499,2026-04-11 02:03:59,1.704493125970945,66.20865777501146,11.985895383936752,9.649770161036557,1.535546726305979,False,69.28906547388041
499,2026-04-11 02:04:01,0.8677584667545917,65.04283174716353,10.34750691427804,8.434393190069429,1.3361544349541525,False,73.27691130091695
499,2026-04-11 02:04:03,2.386065041325242,65.45087647248161,9.87171359016621,9.085667041307076,1.446098621569144,False,71.07802756861712
499,2026-04-11 02:04:05,1.68894756572563,66.15162140904224,10.067364936378116,9.654720331947118,1.516963828611536,False,69.66072342776928
499,2026-04-11 02:04:07,2.233517835351075,66.05289036399907,8.12575998094718,9.645728774611833,1.514757194032414,False,69.70485611935172
499,2026-04-11 02:04:09,1.4313125902758959,63.13429932883224,10.191974966412278,6.667506975484663,1.0555849060383726,False,78.88830187923254
499,2026-04-11 02:04:11,1.2123333093497715,64.97119309569635,10.825498791668148,8.387529224525508,1.3357294773030328,False,73.28541045393933
499,2026-04-11 02:04:13,1.7730458899186488,65.39271306452451,11.769301784473656,8.89409871865633,1.3937715831442965,False,72.12456833711407
499,2026-04-11 02:04:15,1.4409907695520798,66.47925971927056,11.768081522683898,9.930914811592352,1.5663478099661416,False,68.67304380067716
499,2026-04-11 02:04:17,1.1083412194147981,65.7589335662876,9.852945104300687,9.114285468135918,1.4526858797889104,False,70.94628240422179
499,2026-04-11 02:04:19,1.160236186099111,63.729114237096454,9.234237504563936,7.100800496863982,1.118670285427586,False,77.62659429144827
499,2026-04-11 02:04:21,2.1202390510950835,66.245029755791,9.724725730809306,9.834347535998376,1.5486758954102282,False,69.02648209179543
499,2026-04-11 02:04:23,0.3039391293529312,63.30211266308162,10.366460131088077,6.605167308495254,1.0430280644240983,False,79.13943871151804
499,2026-04-11 02:04:25,1.779995645495378,64.68341192433087,9.24031304071528,8.160585040113709,1.2921012475165639,False,74.15797504966872
499,2026-04-11 02:04:27,1.574098731404505,65.51473496790338,10.516049828770862,8.895924917789756,1.4145639223577877,False,71.70872155284425
499,2026-04-11 02:04:29,2.8965477462842633,63.54747828553132,10.513708094776641,7.250264932564498,1.1347573187754862,False,77.30485362449028
499,2026-04-11 02:04:31,1.2247590725314288,65.00889071775295,8.25264808226013,8.336558082478163,1.3160493406254576,False,73.67901318749085
499,2026-04-11 02:04:33,0.9206422019148155,63.74942212649716,11.02720089787373,7.08690668022237,1.113008575599841,False,77.73982848800318
499,2026-04-11 02:04:35,1.4013403142117782,67.08386418339472,9.882190147536843,10.598083247005931,1.6679198375307496,False,66.64160324938501
499,2026-04-11 02:05:13,1.6874929749080303,64.1524780441937,10.385408829154107,7.704444562754389,1.2114102785199967,False,75.77179442960006
499,2026-04-11 02:05:16,2.4490682819048835,63.841430277349495,9.03392631827826,7.488705269644605,1.1707775706153984,False,76.58444858769204
499,2026-04-11 02:05:18,2.042462448141912,64.76897443579371,10.08151979678183,8.26837284042319,1.3055291363478676,False,73.88941727304265
499,2026-04-11 02:05:20,2.241983456619459,65.34717840219815,11.714093150463256,8.893821464539073,1.4010556128701475,False,71.97888774259705
499,2026-04-11 02:05:22,1.1469272842188272,65.81453404920487,10.278791075699024,9.199400013248152,1.431851360732975,False,71.3629727853405
499,2026-04-11 02:05:24,1.6193270842434897,65.74391808615118,9.79720139449543,9.137808599060094,1.421944051802947,False,71.56111896394106
499,2026-04-11 02:05:26,1.765313064478126,63.83382059620466,10.72761462885312,7.35156022179099,1.1518186507319166,False,76.96362698536167
499,2026-04-11 02:05:28,1.0605637273413349,65.6532074958782,11.198472068720406,9.003686959433395,1.404244716727411,False,71.91510566545178
499,2026-04-11 02:05:30,0.6168887886866417,64.66493779844193,11.173181430780643,7.928927282146098,1.2480189146012826,False,75.03962170797435
499,2026-04-11 02:05:32,1.8849101574226177,65.63277302742695,9.126961064288,9.254361894051328,1.4667199832146427,False,70.66560033570715
499,2026-04-11 02:05:34,1.2997425643177594,64.08787582285635,9.092864886211458,7.543405301468894,1.184886495908223,False,76.30227008183553
499,2026-04-11 02:05:36,1.0349060307642781,64.5234316253835,9.774118383129423,7.923379820322026,1.2474951952945785,False,75.05009609410843
499,2026-04-11 02:05:38,1.1491985499438861,64.89649359234943,9.641290456639895,8.233748477326223,1.3011951505175086,False,73.97609698964983
499,2026-04-11 02:05:40,1.5911836135454565,64.43415516179925,10.657916096527588,7.904769002771459,1.251375164491959,False,74.97249671016081
499,2026-04-11 02:05:42,1.5388817789749567,65.44467888621386,9.425027872356974,8.893549472416673,1.4033466087213662,False,71.93306782557268
499,2026-04-11 02:05:44,1.7117768215701392,66.03810691365351,11.034463875088809,9.528979717125026,1.5040692220621246,False,69.91861555875751
499,2026-04-11 02:05:46,1.6863389717977364,65.69824505228458,9.043257403613499,9.162705428415322,1.433095340213638,False,71.33809319572724
499,2026-04-11 02:05:48,1.1098976082102543,67.3108041313094,9.620846757213291,10.597362864259175,1.6691652088408393,False,66.61669582318322
499,2026-04-11 02:05:50,1.4363641700887966,64.13229085150127,9.994037982544102,7.529931456603499,1.1814404997617864,False,76.37119000476427
499,2026-04-11 02:05:52,1.0231205803204364,64.46194213904141,10.653001517156335,7.898333169919127,1.2395015240230491,False,75.20996951953902
499,2026-04-11 02:05:54,0.5714085789856074,64.87159375403961,10.174333671122906,8.144824424222435,1.2827936781857265,False,74.34412643628548
499,2026-04-11 02:05:56,1.3656767545876805,64.026046903464,9.313889593279438,7.420438483984789,1.1663798585727618,False,76.67240282854476
499,2026-04-11 02:05:58,1.1209592721644643,64.96071498509377,11.395342229053027,8.34608273678019,1.3279843639911872,False,73.44031272017625
499,2026-04-11 02:06:00,0.829066674955871,64.65988368702892,10.092888974688089,8.007465520929593,1.2651440774757503,False,74.697118450485
499,2026-04-11 02:06:02,1.736341773860235,64.93676199532821,10.432870090843618,8.46878869165635,1.3323350085931172,False,73.35329982813766
499,2026-04-11 02:06:04,1.170229847454809,65.50093948725856,10.947695120241816,8.936546934851144,1.409344486028744,False,71.81311027942512
499,2026-04-11 02:06:06,1.6122010443435777,63.79555478063327,10.99108990215351,7.275800550845197,1.1378018230415308,False,77.24396353916939
499,2026-04-11 02:06:08,1.4783870779581394,64.6581461504918,9.55886479505879,8.139882245936057,1.2728991467788606,False,74.5420170644228
499,2026-04-11 02:06:10,1.6199497172987118,66.24619820120526,9.639175683307919,9.70443568654381,1.5181987818791087,False,69.63602436241783
499,2026-04-11 02:06:12,2.249120473696304,62.74372294510278,11.801032560396756,6.503550097196481,1.0110093672397487,False,79.77981265520503
499,2026-04-11 02:06:14,1.686556821784544,66.210986803717,9.414441191091509,9.68323830265522,1.5169658104874675,False,69.66068379025066
499,2026-04-11 02:06:16,0.5506779860256732,63.68797592812694,9.697710731897356,7.01557941783534,1.1089082386546034,False,77.82183522690794
499,2026-04-11 02:06:18,0.8445380969046083,65.30300882087468,9.913219299500676,8.602025810552156,1.3546417677094489,False,72.90716464581102
499,2026-04-11 02:06:20,2.415797937367665,67.09470865622716,8.971169771778909,10.661041075108002,1.6662958727857597,False,66.6740825442848
499,2026-04-11 02:06:22,1.3477252171805127,65.30396881012302,9.920543460120767,8.705064700990519,1.3767154519122524,False,72.46569096175494
499,2026-04-11 02:06:24,2.303341749702609,65.21669077730644,8.782292365557486,8.8426915553895,1.4005341344926088,False,71.98931731014783
499,2026-04-11 02:06:26,1.5744485545767717,65.05437661157926,9.092938037253884,8.512607683909863,1.3488022620076492,False,73.02395475984702
499,2026-04-11 02:06:28,0.37018911699201906,64.81641703289912,9.122899415263879,8.043714377102674,1.2491682291387738,False,75.01663541722452
499,2026-04-11 02:06:30,1.8728204187555595,66.36554966979338,8.983794070240485,9.817346521474569,1.5659828146985317,False,68.68034370602936
499,2026-04-11 02:06:32,2.2985628322990905,67.08750292496379,9.896644955890494,10.593842724772188,1.676968531507801,False,66.46062936984399
499,2026-04-11 02:06:34,1.9432409457374453,65.42437060401447,11.150160830214137,8.889650090754401,1.387789741951822,False,72.24420516096356
499,2026-04-11 02:06:36,1.6788540695640037,65.17395404026482,9.64026945776766,8.613315160883403,1.3620579690450039,False,72.75884061909991
499,2026-04-11 02:06:38,2.0598376043021576,65.39309276346938,11.018793215400501,8.950305906072927,1.4076578285165653,False,71.8468434296687
499,2026-04-11 02:06:40,1.3119947185317868,63.031878460226125,10.328961600320646,6.4883655737199035,1.0179413896363618,False,79.64117220727276
499,2026-04-11 02:06:42,1.5724036745382959,64.14541622541738,11.526113721096108,7.647259254430814,1.194819710611149,False,76.10360578777701
499,2026-04-11 02:06:44,1.545485981670185,65.47526339674835,9.826930320269843,8.913825319521429,1.4123545881043444,False,71.75290823791312
499,2026-04-11 02:06:46,1.1151586618185685,64.2951691642082,10.860598775852461,7.750560696080498,1.2114338928859174,False,75.77132214228165
499,2026-04-11 02:06:48,1.114483305494193,64.70882223120122,8.867172515370868,8.12681316436749,1.2826187172432415,False,74.34762565513518
499,2026-04-11 02:06:50,1.9595401006463296,64.84954256312157,9.265927107902613,8.385042191729667,1.3063457889465944,False,73.87308422106811
499,2026-04-11 02:06:52,1.6952196016196979,63.830577213453985,9.779730076968468,7.331235526185225,1.15150349962617,False,76.9699300074766
499,2026-04-11 02:06:54,2.2082203002311,67.56897004438824,11.395513727413762,11.131816234060786,1.726405658646091,False,65.47188682707818
499,2026-04-11 02:06:56,1.5362110827044961,65.53811985961607,9.275419530556679,9.015130359624528,1.4231159167254264,False,71.53768166549148
499,2026-04-11 02:06:58,0.9749762167054385,65.72310072436643,10.086628477815479,9.100289113513888,1.441017632748376,False,71.17964734503248
499,2026-04-11 02:07:00,2.131112954504064,63.62497136484731,9.796328437934815,7.239622919312801,1.1299015559635683,False,77.40196888072863
499,2026-04-11 02:07:02,1.364037736803711,63.44855879225151,8.530154788074238,6.9085583752755255,1.0799433053881908,False,78.40113389223617
499,2026-04-11 02:07:04,1.2330060806424605,65.30136249529785,9.312951883568678,8.696014311064033,1.3709410042350598,False,72.5811799152988
499,2026-04-11 02:07:06,2.8340550007117087,65.98653594741674,10.241591535318529,9.69173824696152,1.5589865292566047,False,68.82026941486791
499,2026-04-11 02:07:08,2.217137280841868,65.74335572673083,9.634463274887949,9.306437922295146,1.4642859270467417,False,70.71428145906516
499,2026-04-11 02:07:10,0.6671852803657341,65.82941627870993,7.360535546097176,9.098196857696742,1.4272590775950458,False,71.45481844809908
499,2026-04-11 02:07:12,1.517128923074536,65.7813746785599,10.360130367012035,9.240547147742497,1.4451734753242442,False,71.09653049351512
499,2026-04-11 02:07:14,-0.10488014073520446,67.09850652434977,10.616381216367785,10.217841968473827,1.6076357291944576,False,67.84728541611085
499,2026-04-11 02:07:16,1.089292835924147,64.91361136802125,8.852360591894046,8.233677158796425,1.2925210748287974,False,74.14957850342405
499,2026-04-11 02:07:18,1.5665508135684838,65.38930019774155,9.588762282308837,8.826720722636132,1.4049705436867843,False,71.90058912626432
499,2026-04-11 02:07:20,1.112344413672592,63.20430639714775,10.230287015347365,6.659098140482264,1.048115645169132,False,79.03768709661736
499,2026-04-11 02:07:22,1.2176647143578263,65.50728483727434,9.573947416436805,8.921830307523457,1.424426368124608,False,71.51147263750784
499,2026-04-11 02:07:24,2.2401575954973785,64.68803709587155,9.873677857308378,8.29865201293699,1.3125132041917498,False,73.74973591616501
499,2026-04-11 02:07:26,0.9024933242122213,66.00404616525094,9.981952646414955,9.34684332500477,1.4670717010243683,False,70.65856597951263
499,2026-04-11 02:07:28,1.5371278692875523,64.47090648881087,9.647119617380195,7.932236676710204,1.2538280453006256,False,74.92343909398748
499,2026-04-11 02:07:30,1.2546791730956623,64.22093301976585,10.801450063652297,7.590101652410674,1.1924000078530976,False,76.15199984293804
499,2026-04-11 02:07:32,1.229532273064022,64.3787477683801,11.143026040214888,7.787548908176824,1.227384194039381,False,75.45231611921238
499,2026-04-11 02:07:34,0.6911619194284198,65.19773747195659,9.821090334744895,8.499070164608128,1.3403181792326324,False,73.19363641534736
499,2026-04-11 02:07:36,0.928164344190324,64.35041885975723,10.145430292030353,7.7078467751841515,1.2156860768736812,False,75.68627846252637
499,2026-04-11 02:07:38,1.5126295742629754,64.81876911764849,10.169495166295043,8.276902099753897,1.3015266768648783,False,73.96946646270243
499,2026-04-11 02:07:40,1.594351034922218,63.53311563456804,9.644238931983253,7.109204380613512,1.125662990127125,False,77.4867401974575
499,2026-04-11 02:07:42,0.5692484430646316,64.02328984072253,10.208959670422447,7.272471355593581,1.1564062010971101,False,76.8718759780578
499,2026-04-11 02:07:44,1.0596479447421991,64.76352508289933,9.91876063513854,8.178473081301995,1.3039662073904774,False,73.92067585219046
499,2026-04-11 02:07:46,1.932702979105955,66.02845502832503,8.906272332303343,9.592433182217185,1.5067835404537473,False,69.86432919092505
499,2026-04-11 02:07:48,2.1229121569481024,65.92801683599461,10.142996701672907,9.489213435768185,1.5080376325259721,False,69.83924734948056
499,2026-04-11 02:07:50,1.548154380826575,66.11911628540008,8.330599635005123,9.58771012386459,1.526446786556816,False,69.47106426886367
499,2026-04-11 02:07:52,2.3370238184873315,63.75322285137437,8.718151066322072,7.334015508695849,1.1630846645088178,False,76.73830670982365
499,2026-04-11 02:07:54,1.641373746478867,64.59824156406214,8.657258141768185,8.085386661667776,1.277607871684372,False,74.44784256631256
499,2026-04-11 02:07:56,2.7776353519253796,66.39721282096335,11.179373840001702,10.061563797479089,1.5809734418476504,False,68.380531163047
499,2026-04-11 02:07:58,1.6796563693068236,64.38068038380084,8.78021976506684,7.872401280408809,1.2415757275192452,False,75.1684854496151
499,2026-04-11 02:08:00,0.9780608920553036,64.36759939020112,8.900813551444825,7.71872370120915,1.2114076970980403,False,75.77184605803919
499,2026-04-11 02:08:02,0.8411961996064108,64.52845640571798,11.41492961453745,7.837121768402952,1.2397994466925732,False,75.20401106614854
499,2026-04-11 02:08:04,0.2745779442729175,64.20365158990096,9.993863859377791,7.478114458563645,1.1731744845480088,False,76.53651030903983
499,2026-04-11 02:08:06,1.2825723784182008,64.09799646551443,7.310547408227883,7.5748258137083155,1.197440781599531,False,76.05118436800939
499,2026-04-11 02:08:08,0.49555811636587466,66.07020402127375,10.656773824150745,9.347505409107512,1.4717139208102086,False,70.56572158379583
499,2026-04-11 02:08:10,1.6615005266238292,66.03948674895524,10.620325746615087,9.462098800102737,1.5017565403421012,False,69.96486919315798
499,2026-04-11 02:08:12,1.3943982565798547,64.80528767026989,11.170256809031114,8.332120002748688,1.306590210216198,False,73.86819579567604
499,2026-04-11 02:08:14,0.7974681864540596,66.34647114425704,8.35572859730556,9.555756995076585,1.4972065854377543,False,70.0558682912449
499,2026-04-11 02:08:16,1.0914974422321297,63.78009549027682,9.94711638846335,7.1559058228440335,1.1249977292822733,False,77.50004541435453
499,2026-04-11 02:08:18,0.9506491691956223,65.75085451380153,9.504459724951632,9.06183159439803,1.4218392494498415,False,71.56321501100317
499,2026-04-11 02:08:20,1.3025583955763735,65.89992352289393,10.88547970299715,9.329393620336873,1.4720012344336086,False,70.55997531132783
499,2026-04-11 02:08:22,1.4070032396250425,66.18257699461456,10.050844580143147,9.560404339023577,1.5145128150522864,False,69.70974369895427
499,2026-04-11 02:08:24,0.9449622348972877,66.16738238959024,9.758481277185423,9.508448119427811,1.4969620516910638,False,70.06075896617872
499,2026-04-11 02:08:26,2.0993875136567466,66.25827909399725,10.592376475186303,9.742143005268197,1.5122004609924826,False,69.75599078015034
499,2026-04-11 02:08:28,1.6730750810836899,68.03199302762383,10.04528823996352,11.48771945389322,1.787815838457646,False,64.24368323084708
499,2026-04-11 02:08:30,1.024316523884389,63.04925310592846,11.343873311620678,6.429280157569259,1.0089125810890187,False,79.82174837821962
499,2026-04-11 02:08:32,1.4784105507347363,65.47929691911868,8.942142432934991,8.9651411717429,1.4033651701676484,False,71.93269659664703
499,2026-04-11 02:08:34,1.65115240803519,66.20612619653593,8.103494073576687,9.6974743496638,1.5088018813017177,False,69.82396237396564
499,2026-04-11 02:08:36,0.3480030416323978,65.18078777801634,7.881914255752976,8.402046180488632,1.3179763988833602,False,73.6404720223328
499,2026-04-11 02:08:38,1.9308284435166327,64.41120343648926,9.161858777877374,7.946038986731544,1.2341193601960012,False,75.31761279607997
499,2026-04-11 02:08:40,0.8097236032067112,65.15907173804581,11.968508502212757,8.501837687562762,1.3410529707399435,False,73.17894058520113
499,2026-04-11 02:08:42,1.39438526903494,62.34818639567596,8.547540948172088,5.853421746681931,0.931939043882643,False,81.36121912234714
499,2026-04-11 02:08:44,1.1249001164299384,66.65102141893996,7.570883325982597,9.943294401190563,1.5599303369090072,False,68.80139326181985
499,2026-04-11 02:08:46,1.605408273340986,64.94675930182663,8.818556011852001,8.36162228006171,1.3088206371277713,False,73.82358725744457
499,2026-04-11 02:08:48,0.7715404560176014,66.90972648573768,8.322895371883327,10.189659400211625,1.5810164676161513,False,68.37967064767697
499,2026-04-11 02:08:50,1.7961943010691441,66.17430321519974,11.360907369862264,9.636355456146177,1.5003771488639779,False,69.99245702272044
499,2026-04-11 02:08:52,2.5872951159500324,65.27969352612145,10.129490874852904,8.880866877945927,1.3875594391206139,False,72.24881121758773
499,2026-04-11 02:08:54,1.8714111644509372,65.56700834211941,10.757619682313825,9.056364671590217,1.4263039398433075,False,71.47392120313384
499,2026-04-11 02:08:56,1.4579720681914328,64.69889949143361,10.777692141855653,8.220468273956428,1.3097249895161107,False,73.80550020967779
499,2026-04-11 02:08:58,1.878072209928239,64.52785608701066,9.30411811707714,8.060734462349096,1.2748246656200772,False,74.50350668759846
499,2026-04-11 02:09:00,1.6051812467918696,65.27232526790787,8.580677464133185,8.795504388739921,1.3940496912247518,False,72.11900617550496
499,2026-04-11 02:09:02,1.9923078680274486,65.0582805474914,9.729245153576336,8.590494634732174,1.3471894763333105,False,73.05621047333379
499,2026-04-11 02:09:04,1.627644159623049,65.7198497881606,9.939813083745081,9.211550692051162,1.4552773188777783,False,70.89445362244443
499,2026-04-11 02:09:06,1.005357849993488,65.73908497825062,9.355405018217446,9.195430170497119,1.445007580207199,False,71.09984839585601
499,2026-04-11 02:09:08,1.898984245823537,66.53329618654631,9.242116927529876,9.964944334756993,1.5578483703871537,False,68.84303259225692
499,2026-04-11 02:09:10,0.8968861713178597,65.69522907901992,9.775513825606568,9.060628901365455,1.4234025847657357,False,71.53194830468529
499,2026-04-11 02:09:12,1.6359329062286083,64.75750276826675,10.258138197190945,8.315247833875802,1.302757639805666,False,73.94484720388668
499,2026-04-11 02:09:14,2.238257665315522,63.75355078389204,10.106034393551873,7.3409663441717115,1.1531612402231155,False,76.93677519553769
499,2026-04-11 02:09:16,1.3137589503031544,65.24485256476237,10.762737860268302,8.596722259727073,1.3412004478454929,False,73.17599104309014
499,2026-04-11 02:09:18,2.526540713453962,65.21538940723616,11.429934285971061,8.882760562981723,1.393490772138117,False,72.13018455723767
499,2026-04-11 02:09:20,1.582226982812363,65.00641930145395,9.806293912775471,8.51252041405349,1.327578638094061,False,73.44842723811878
499,2026-04-11 02:09:22,1.0909949596855464,63.81829073693186,9.714944674104117,7.228638746700469,1.129186454380276,False,77.41627091239448
499,2026-04-11 02:09:24,2.1498010833205274,64.61567058266567,8.194051708691191,8.191497055611975,1.3005440113826061,False,73.98911977234788
499,2026-04-11 02:09:26,1.805147004308139,64.83713957594853,11.392053359146162,8.358698550913509,1.31587143499912,False,73.6825713000176
499,2026-04-11 02:09:28,1.080388310845612,63.42244053648343,12.787394121002304,6.904971349076682,1.0891431427863867,False,78.21713714427227
499,2026-04-11 02:09:30,2.1190639697862528,66.24761728906245,9.210616217062318,9.782203278431872,1.51694506461885,False,69.661098707623
499,2026-04-11 02:09:32,1.5530841873456886,62.2925241449267,8.513627569230541,5.801992322319343,0.9175577525938796,False,81.64884494812242
499,2026-04-11 02:09:34,2.6520264756150334,66.28907763283755,9.891272291766631,9.856516700769909,1.5403647231518875,False,69.19270553696225
499,2026-04-11 02:09:36,0.9788427199407042,64.76890803372042,9.285094174665442,8.095331384058198,1.2981785520293343,False,74.03642895941331
499,2026-04-11 02:09:38,1.8452830846326542,64.46614810721458,7.459813814774289,8.014217364885376,1.262226973064894,False,74.75546053870212
499,2026-04-11 02:09:40,1.0264600999740323,65.90946626171828,8.847292474507514,9.248845627043963,1.4389850704081821,False,71.22029859183635
499,2026-04-11 02:09:42,0.853923813024857,63.839086451151964,10.77183591572705,7.161022681133524,1.1381875948366533,False,77.23624810326693
499,2026-04-11 02:09:44,0.9414432968737803,64.95481230348935,11.155164621840242,8.213514612616187,1.2936251137315347,False,74.12749772536931
499,2026-04-11 02:09:46,1.2171880972725972,64.09470440719484,9.968469142478535,7.497947076505092,1.1756864324836132,False,76.48627135032774
499,2026-04-11 02:09:48,0.4961030628987253,65.8317108737489,9.270404200037456,9.010803516145764,1.417139604176607,False,71.65720791646785
499,2026-04-11 02:09:50,1.7635605677668342,65.90986327111284,10.522649489108112,9.408117552081748,1.4683030731962199,False,70.6339385360756
499,2026-04-11 02:09:52,2.1427929322720622,66.30798032353663,10.90932940146807,9.866163661983627,1.5489269982967506,False,69.02146003406499
499,2026-04-11 02:10:51,1.6189794135906375,64.35226658476302,10.532602657356952,7.833445460421693,1.2278815985398666,False,75.44236802920267
499,2026-04-11 02:10:52,1.372256452816852,63.764936551411175,9.938381199192884,7.292339191059774,1.146171999376921,False,77.07656001246158
499,2026-04-11 02:10:54,2.251238272613803,65.62013932332681,7.81787098641351,9.288849795754004,1.4600317693098772,False,70.79936461380245
499,2026-04-11 02:10:56,1.8464434034106083,65.64376457726523,9.89154869883323,9.13256851499306,1.4375365358085415,False,71.24926928382916
499,2026-04-11 02:10:58,1.2948618422813092,64.71816119970319,8.605302650430783,8.114215933418677,1.2723408583934341,False,74.55318283213131
499,2026-04-11 02:11:00,0.5780017187684836,64.702579252791,9.796642267716896,8.03747789946776,1.2668277945702957,False,74.66344410859409
499,2026-04-11 02:11:02,1.355534078016022,65.10314737941958,9.680760051396105,8.501425680846012,1.3210587458066034,False,73.57882508386794
499,2026-04-11 02:11:04,1.9014437966322577,62.60068806768156,11.492573063283825,6.1266988708851855,0.9710896380715652,False,80.5782072385687
499,2026-04-11 02:11:06,1.1433253762715128,63.710854739129324,8.298538892866688,7.181815165110059,1.133315004850333,False,77.33369990299335
499,2026-04-11 02:11:08,1.884012568851487,64.76501450159407,8.804279681233197,8.301975212669007,1.3028920937832587,False,73.94215812433482
499,2026-04-11 02:11:10,1.7222154548751165,65.60573181977568,9.927810036610037,9.09393474271274,1.4364361047456293,False,71.27127790508742
499,2026-04-11 02:11:12,1.606718001213812,64.34318638156755,10.261610402133215,7.905615097070857,1.236396382403475,False,75.2720723519305
499,2026-04-11 02:11:14,2.241889687763904,65.956639886723,8.974078780273302,9.54626050371094,1.5064215180494145,False,69.87156963901171
499,2026-04-11 02:11:16,2.082784273688541,65.07180233858932,9.815410820300231,8.693102585732923,1.3704436385706122,False,72.59112722858775
499,2026-04-11 02:11:18,1.2092407035934158,65.65937844078168,9.717975901438125,9.046521800293554,1.4218186279826028,False,71.56362744034794
499,2026-04-11 02:11:20,1.3774610950201798,66.17237312026074,10.048904647901487,9.630674393716241,1.5096294578418805,False,69.80741084316239
499,2026-04-11 02:11:22,1.550116609993363,64.35088475342377,10.208985497855268,7.866753330152221,1.2510995428213854,False,74.9780091435723
499,2026-04-11 02:11:24,0.7038284091035347,65.7157766729155,10.701642354002859,9.04568994444147,1.4131595744984613,False,71.73680851003077
499,2026-04-11 02:11:26,1.2081334282111742,66.5815453582379,9.362731507655553,9.995912399630008,1.5702352656893364,False,68.59529468621326
499,2026-04-11 02:11:28,0.9026368023232467,63.99558459100674,9.216688549749838,7.389085455891276,1.1505505707617372,False,76.98898858476525
499,2026-04-11 02:11:30,2.456283023984632,64.25837453556501,8.34288811845354,7.931036423373492,1.2586374903469717,False,74.82725019306056
499,2026-04-11 02:11:32,2.3680029340868947,64.04995576939805,9.791809975055788,7.657637433605373,1.196482423513264,False,76.07035152973472
499,2026-04-11 02:11:34,0.75994249382265,64.61055645304685,9.778562048651184,7.952836467931768,1.254704632473714,False,74.90590735052572
499,2026-04-11 02:11:36,0.8354998194112344,64.94379158386772,10.17283743373844,8.279412027950698,1.2909612696774502,False,74.180774606451
499,2026-04-11 02:11:38,1.4902992398472974,66.60050092779252,11.093820522268862,10.126860451910076,1.582782874260711,False,68.34434251478578
499,2026-04-11 02:11:40,1.06258055520764,65.72556142121587,9.268287864777164,9.130122027864566,1.4389972478751847,False,71.22005504249631
499,2026-04-11 02:11:42,1.982592293207225,66.46026476829365,10.12156167517837,10.02723416479985,1.5640309157637222,False,68.71938168472556
499,2026-04-11 02:11:44,1.1936720745872207,63.658905563713844,10.314564860821408,7.080576418624581,1.114169042086708,False,77.71661915826584
499,2026-04-11 02:11:46,1.5860030429459964,65.45455265324148,10.266185581967566,8.974795670777091,1.4238384995246343,False,71.52323000950732
499,2026-04-11 02:11:48,1.7384619631890674,65.71151353698014,10.256790155541566,9.223061115492982,1.4544004255424003,False,70.911991489152
499,2026-04-11 02:11:50,1.1667842891876208,66.85445939955633,10.745357932532713,10.184456281927218,1.6027565859600659,False,67.94486828079869
499,2026-04-11 02:11:52,1.2954441463194497,63.45410933154067,11.50338550089835,6.764948546739774,1.0618778738883172,False,78.76244252223366
499,2026-04-11 02:11:54,1.8125504657495324,66.46049625536082,11.817110941161587,10.01460749158558,1.5749397663388192,False,68.50120467322361
499,2026-04-11 02:11:56,1.4889980551398063,64.24503840489209,10.353148624783817,7.708416819286256,1.2241257925927216,False,75.51748414814557
499,2026-04-11 02:11:58,1.675955012707879,65.82388697680891,9.604757324797605,9.273349456508214,1.4639538933938672,False,70.72092213212265
499,2026-04-11 02:12:00,1.520821004923462,65.53417096417013,9.405154175512488,8.975964325591747,1.4198861863359058,False,71.60227627328189
499,2026-04-11 02:12:02,1.0535593618301031,64.57003974892359,11.417596574303076,7.979213994711472,1.2519669685799955,False,74.96066062840009
499,2026-04-11 02:12:04,1.7387785908254318,65.75645326420529,9.04490106660916,9.28260046906346,1.4648371342184507,False,70.70325731563099
499,2026-04-11 02:12:06,1.085467294790748,65.5351431160428,9.737575295198942,8.85099834917186,1.3977674401930376,False,72.04465119613926
499,2026-04-11 02:12:08,0.46650213460404677,66.66769861824588,8.213039405588797,9.929594269763335,1.5435046549261595,False,69.1299069014768
499,2026-04-11 02:12:10,1.4424899207959756,66.4654993704073,8.959473780093546,9.922559304878028,1.5538227022940594,False,68.92354595411881
499,2026-04-11 02:12:12,1.3377110622887196,64.2266024068622,10.602213857254844,7.629329690806031,1.2202603016426845,False,75.5947939671463
499,2026-04-11 02:12:14,1.5812415782617624,65.04356606320181,9.82213835391118,8.553149697719483,1.33820289739076,False,73.2359420521848
499,2026-04-11 02:12:16,1.2793075682996256,62.88106421713374,11.159234785610854,6.31720395655617,0.9940169983184045,False,80.1196600336319
499,2026-04-11 02:12:18,1.438166825563365,65.34831310736507,9.068233929698971,8.80387614259822,1.3793804637314453,False,72.4123907253711
499,2026-04-11 02:12:20,1.1779340872949378,66.01847586832542,10.002992459233216,9.374370431331364,1.4715459833854287,False,70.56908033229142
499,2026-04-11 02:12:22,1.569277504267791,65.20153402426249,11.391885477303402,8.706824933859018,1.3602833902302964,False,72.79433219539408
499,2026-04-11 02:12:24,1.4809352100173732,64.79341922907989,10.30518324242797,8.217874503005447,1.2981276879904629,False,74.03744624019075
499,2026-04-11 02:12:26,2.0759840962960534,65.59743083976234,9.66727916124755,9.13815646476931,1.4362338073469247,False,71.27532385306151
499,2026-04-11 02:12:28,1.2301227676150288,65.37082682105822,9.063695227421471,8.715026982289032,1.382757551397246,False,72.34484897205508
499,2026-04-11 02:12:30,0.9768881158120926,64.55261453470214,8.731605057113647,7.948862982727661,1.2406207575366233,False,75.18758484926754
499,2026-04-11 02:12:32,2.064645261014038,64.76857747647817,9.905701189404203,8.336850803920207,1.3066234480804266,False,73.86753103839146
499,2026-04-11 02:12:34,2.009506908412324,63.947783852269815,10.417845116271598,7.464401047640472,1.177280815663958,False,76.45438368672083
499,2026-04-11 02:12:36,1.483292420991226,64.61478696222485,9.096507331223199,8.133268762562501,1.279728202741001,False,74.40543594517997
499,2026-04-11 02:12:38,1.4890298560825759,65.94140958916516,9.99108829687711,9.434752956849593,1.488972852676727,False,70.22054294646546
499,2026-04-11 02:12:40,0.5924700397973326,64.62410602707921,11.105471724431604,7.865033700658948,1.2323683137491683,False,75.35263372501663
499,2026-04-11 02:12:42,1.8954205644462399,65.12947532418748,8.905377937695881,8.673014044487196,1.3602717147669816,False,72.79456570466037
499,2026-04-11 02:12:44,1.1533021375520804,65.9227736845441,10.970342414416704,9.30304437542636,1.4558686242538394,False,70.88262751492321
499,2026-04-11 02:12:46,1.6971009202516738,64.79109868586136,10.017082004625408,8.285213224793942,1.3059687871282155,False,73.8806242574357
499,2026-04-11 02:12:48,0.6810752129599718,66.16334002281523,9.727225752906897,9.41798862873567,1.480292691551726,False,70.39414616896548
499,2026-04-11 02:12:50,1.558903313940473,64.7892263833586,11.30217624037607,8.29790599569337,1.3046637857228935,False,73.90672428554213
499,2026-04-11 02:12:52,1.900225764821863,63.02665583256257,8.651654283632357,6.593670822847102,1.039272171851944,False,79.21455656296112
499,2026-04-11 02:12:54,1.3977759281188593,65.54841285305933,10.579683897787728,8.98830343165298,1.3970418332539123,False,72.05916333492175
499,2026-04-11 02:12:56,0.7004769926272758,65.55405831828023,10.009086694105845,8.873390467795893,1.3984268018084351,False,72.0314639638313
499,2026-04-11 02:12:58,1.7189391005793362,63.91784612473387,9.882504805617275,7.451005685237547,1.1675063652749047,False,76.64987269450191
499,2026-04-11 02:13:00,1.5483013324134152,66.13429532203978,10.564543611332777,9.587551890073755,1.4882512775627865,False,70.23497444874427
499,2026-04-11 02:13:02,2.0656850964056375,64.45045701099673,9.738723322563908,8.007003694132365,1.2434298380217905,False,75.1314032395642
499,2026-04-11 02:13:04,2.221825481144756,64.1287830676726,11.319831054591276,7.6552027490790024,1.2026377139007527,False,75.94724572198494
499,2026-04-11 02:13:06,0.9349389062925968,65.40948045861951,9.880887216660758,8.720941417057666,1.3779588552199071,False,72.44082289560185
499,2026-04-11 02:13:08,1.5743856224306043,63.847668385381525,9.949439483020083,7.317482379490123,1.1641340177068271,False,76.71731964586345
499,2026-04-11 02:13:10,1.6258445160346138,65.1016068457582,9.883307589796921,8.549135776870884,1.3476209213986987,False,73.04758157202602
499,2026-04-11 02:13:12,1.136335400791188,63.628531480063394,9.316440294578259,6.998026777285908,1.0958287437080585,False,78.08342512583883
499,2026-04-11 02:13:14,1.6607670793624414,65.33936395757415,9.054425065979915,8.861132492813361,1.4060067117946862,False,71.87986576410628
499,2026-04-11 02:13:16,0.8830776894452286,65.35754477212586,10.202862741722335,8.63420708058407,1.3599457128391728,False,72.80108574321655
499,2026-04-11 02:13:18,1.8098670186459584,65.78188306097677,11.18648036069686,9.286209990379525,1.470149755233209,False,70.59700489533583
499,2026-04-11 02:13:20,1.3673271291263451,63.925362273344334,10.54722939932981,7.295885357386425,1.145205605184014,False,77.09588789631972
499,2026-04-11 02:13:22,0.4219700135043407,63.95794005782012,9.451137828693753,7.197125112158858,1.133870128001318,False,77.32259743997363
499,2026-04-11 02:13:24,2.5279317039889015,64.45094441245243,9.498299871385182,8.144710385506848,1.2762614894856978,False,74.47477021028604
499,2026-04-11 02:13:26,1.4431096047130147,64.58788167690001,9.518799695128608,8.00300715900076,1.2630473787248597,False,74.7390524255028
499,2026-04-11 02:13:28,1.7582525772799584,64.28117661702036,10.14996381865408,7.820806668273846,1.231557624964941,False,75.36884750070118
499,2026-04-11 02:13:30,0.9136165522997919,62.88739966112537,10.432477177499399,6.277241147388111,0.9907002458445897,False,80.18599508310821
499,2026-04-11 02:13:32,2.1834618810808637,65.54907678327105,9.687451188595734,9.138233612182326,1.436718566397957,False,71.26562867204086
499,2026-04-11 02:13:34,1.2565222788925934,64.23871409819279,8.146260178385539,7.654586524278557,1.1986628537537147,False,76.02674292492571
499,2026-04-11 02:13:36,1.5545744460411424,66.15568169219938,11.438629613648997,9.679054602754299,1.5302347299200751,False,69.3953054015985
499,2026-04-11 02:13:38,1.2863821040815318,64.43235678058304,9.104314159849684,7.898472526854398,1.2397733187599107,False,75.20453362480178
499,2026-04-11 02:13:40,1.1888176667116068,66.68550898796406,8.083054011040941,9.976436349180382,1.5738576379973654,False,68.5228472400527
499,2026-04-11 02:13:42,1.8387844929893666,66.54293223121218,11.690059786300907,10.049216370305736,1.599589596716655,False,68.0082080656669
499,2026-04-11 02:13:44,1.7394413028746014,64.57902573995085,9.103687532827259,8.133217814880304,1.2852963481124713,False,74.29407303775058
499,2026-04-11 02:13:46,1.9451144012450294,66.15679695436735,9.390333157434052,9.579853533048848,1.4840092451748903,False,70.3198150965022
499,2026-04-11 02:13:48,0.8336669935549637,65.67259535402262,9.337985261153676,8.946287810439244,1.408678105399495,False,71.82643789201009
499,2026-04-11 02:13:50,1.4101228623670337,65.1083668498035,12.02687928051087,8.498154478287674,1.3307391486133147,False,73.3852170277337
499,2026-04-11 02:13:52,2.1461412454436553,63.34692198579931,9.62843356342416,6.941397937419538,1.0952639121565937,False,78.09472175686813
499,2026-04-11 02:13:54,1.2514284291430764,64.34219114523887,11.467701852942092,7.746117770051548,1.224261677960848,False,75.51476644078303
499,2026-04-11 02:13:56,1.068496755806846,63.37026446343186,9.755523839591907,6.73967507010947,1.0561959179071516,False,78.87608164185697
499,2026-04-11 02:13:58,1.9018909490334488,64.19906221763102,7.917132909902495,7.731854312660552,1.2108174049360692,False,75.78365190127862
499,2026-04-11 02:14:00,1.2048306702817575,66.18289044493909,6.914512511147228,9.490059012238156,1.4919750033430472,False,70.16049993313905
499,2026-04-11 02:14:02,1.803840988374381,65.89344046021128,10.163904745066326,9.388978150640945,1.4918630228943695,False,70.1627395421126
499,2026-04-11 02:14:04,2.684551308212466,64.53197956268103,9.139236247049928,8.239391170188071,1.3038049993086032,False,73.92390001382793
499,2026-04-11 02:14:06,2.487640325326218,67.60634416002364,9.170223891592293,11.168766661701653,1.7434885272699632,False,65.13022945460074
499,2026-04-11 02:14:08,2.3484965919992122,61.82263015694844,9.948335129948454,5.451744250493213,0.863294504349978,False,82.73410991300044
499,2026-04-11 02:14:10,1.6407336478487444,64.9356670234435,9.014503422453382,8.443664724723732,1.3236805813761356,False,73.52638837247729
499,2026-04-11 02:14:12,2.5831066432965386,66.0683375153909,9.146384603540207,9.755496124153389,1.5689357621712825,False,68.62128475657435
499,2026-04-11 02:14:14,1.13214716143271,64.83250338927147,9.682139557873425,8.259602610282947,1.3228889956734162,False,73.54222008653167
499,2026-04-11 02:14:16,0.9362105677492916,65.7744276987949,9.15917446767562,9.095115662806279,1.4305773459512017,False,71.38845308097596
499,2026-04-11 02:14:18,2.0022497983268988,64.48661319202391,10.367354299783317,8.053098324957915,1.2634660310318317,False,74.73067937936337
499,2026-04-11 02:14:20,1.1404148815341375,64.56179523979748,10.627236730714113,7.910159756517402,1.250678609795825,False,74.9864278040835
499,2026-04-11 02:14:22,0.9615335171523527,65.32700578877672,10.134980193054822,8.624059875837574,1.368326583492583,False,72.63346833014833
499,2026-04-11 02:14:24,1.4673396339082574,64.80953561836776,10.863341056417273,8.20051868698031,1.2878024704271618,False,74.24395059145677
499,2026-04-11 02:14:26,1.4678562992127646,63.80503356607969,9.209330849352265,7.21557805376775,1.1255274753753837,False,77.48945049249232
499,2026-04-11 02:14:28,1.6782389622858103,64.7984222163644,11.708143644212777,8.319518163029358,1.3095696918062298,False,73.8086061638754
499,2026-04-11 02:14:30,1.0842345111470657,65.56384034666812,9.787506845001532,8.979313552174972,1.4130312287573765,False,71.73937542485247
499,2026-04-11 02:14:32,1.513107874128385,64.71354908867696,10.738258017062416,8.232637758612277,1.2972180623179481,False,74.05563875364103
499,2026-04-11 02:14:34,1.660176998152277,63.40787696945942,10.137001824822885,6.972274785927347,1.0953619867008055,False,78.09276026598388
499,2026-04-11 02:14:36,1.0883164237931444,64.77747121087882,10.898026475716646,8.172692794435157,1.2816121211676206,False,74.36775757664759
499,2026-04-11 02:14:38,1.5929133008322738,65.25597915337175,9.36859923463131,8.734064531194704,1.3850221666334392,False,72.29955666733122
499,2026-04-11 02:14:40,1.0433968934224231,65.12635062696148,10.5591867142099,8.428454265156532,1.3388001031611878,False,73.22399793677624
499,2026-04-11 02:14:42,2.6378475586131502,65.16027980658558,10.13289720118727,8.814507406315755,1.3717488801130795,False,72.5650223977384
499,2026-04-11 02:14:44,1.844320710601764,67.30515550746158,9.2785169369965,10.69159725963106,1.6660757251198264,False,66.67848549760348
499,2026-04-11 02:14:46,1.3238120430859328,66.376694100709,12.290578185981804,9.877828143442294,1.556506302814065,False,68.8698739437187
499,2026-04-11 02:14:48,1.6307035932383125,66.34850933128232,8.648226243596865,9.73750748430136,1.5486030471466803,False,69.02793905706639
499,2026-04-11 02:14:50,1.4093910360018715,65.1821934609487,9.567872948137879,8.574654151228685,1.3347218051839258,False,73.30556389632149
499,2026-04-11 02:14:52,1.4055797971133268,67.58655821913021,9.210453974772271,10.887932712611885,1.734451080134942,False,65.31097839730117
499,2026-04-11 02:14:54,1.8800162814998782,63.66190002635461,12.500803323005503,7.2021572667148845,1.1328866966561704,False,77.34226606687659
499,2026-04-11 02:14:56,1.3631178874526484,64.56814464461,10.97056038568481,7.96062606548648,1.2541273711383738,False,74.91745257723252
499,2026-04-11 02:14:58,2.541887028600835,64.52557401106475,10.56283174155178,8.143436374661867,1.2764937957851887,False,74.47012408429623
499,2026-04-11 02:15:00,1.437463278181443,64.53706105994166,9.637962851078765,8.015308421370705,1.2693125078230059,False,74.61374984353988
499,2026-04-11 02:15:02,1.7052334647395249,64.37426426329884,10.47108415492767,7.848379199994007,1.22583492429539,False,75.4833015140922
499,2026-04-11 02:15:04,1.4889922051199929,67.29082568370278,10.876942920332024,10.667141197040237,1.6905397201554682,False,66.18920559689064
499,2026-04-11 02:15:06,1.5501998452914465,65.8643978873418,9.279414887743911,9.344755024063524,1.4758939886202949,False,70.4821202275941
499,2026-04-11 02:15:08,1.5215124034608372,65.67226848152606,9.678821744229046,9.11704408635412,1.439434008191593,False,71.21131983616814
499,2026-04-11 02:15:10,1.1485651402378303,63.72517392308578,9.372588907244642,7.170033487269059,1.1436509647127295,False,77.12698070574541
499,2026-04-11 02:15:12,1.7441914283829207,65.01078539296478,9.864100762239005,8.546162093965236,1.3526051217079498,False,72.947897565841
499,2026-04-11 02:15:14,1.7111251605043638,65.43412788062199,8.802206475561768,8.922209323501157,1.3907625265468784,False,72.18474946906244
499,2026-04-11 02:15:16,1.4973477635407317,66.80269125677773,9.3727969361636,10.268465606946833,1.609160515319438,False,67.81678969361124
499,2026-04-11 02:15:18,1.8460570825420488,65.45138380573306,11.108814797175903,8.957237326894791,1.4196676394816836,False,71.60664721036633
499,2026-04-11 02:15:20,1.6555337333073168,64.56478076566444,8.16407094599619,8.000142542652377,1.2691213433265605,False,74.6175731334688
499,2026-04-11 02:15:22,1.3880551537203425,64.13232870871454,11.692817065445073,7.610922342571108,1.1907699156732283,False,76.18460168653543
499,2026-04-11 02:15:24,1.5712277097064573,66.13774465548906,9.24714370900379,9.652075111363722,1.5223639907277096,False,69.5527201854458
499,2026-04-11 02:15:26,1.400006561544545,63.93906790944042,8.342592048569912,7.3555221732146805,1.158212273070645,False,76.8357545385871
499,2026-04-11 02:15:28,2.4096996322096182,67.48723015025675,10.919155338980968,11.066946973879098,1.7591618618191802,False,64.8167627636164
499,2026-04-11 02:15:30,0.7841335418149455,62.48561324874614,9.891867248670783,5.907961712768667,0.9360247030190072,False,81.27950593961985
499,2026-04-11 02:15:32,1.5267019932076495,65.19953895809937,10.297074658560836,8.741013754985374,1.369187004545362,False,72.61625990909276
499,2026-04-11 02:15:34,2.6824052081726064,64.55361409385297,9.239528901780114,8.231765160153813,1.2897763945644787,False,74.20447210871043
499,2026-04-11 02:15:36,1.1933929583588245,64.521594462608,11.088591975113802,7.971733874519302,1.2409550148847566,False,75.18089970230487
499,2026-04-11 02:15:38,2.0810600770726513,64.80510409624955,9.580711390435527,8.402196873082907,1.3350708486480634,False,73.29858302703873
499,2026-04-11 02:15:40,0.3304711385401031,64.63249998676574,9.806359089537848,7.89472866519742,1.2322888075495526,False,75.35422384900895
499,2026-04-11 02:15:42,2.497107273369949,64.49888261509153,9.40491766626983,8.169331992214616,1.2729028097829727,False,74.54194380434055
499,2026-04-11 02:15:44,0.9480214571005599,64.32518997794777,10.882656409619898,7.653307520317341,1.2264386110533045,False,75.47122777893391
499,2026-04-11 02:15:46,1.2460765418628164,63.607382888972204,10.606558842479187,7.074959630927431,1.1251852288588196,False,77.49629542282361
499,2026-04-11 02:15:48,1.4135756066006933,65.64065935700353,11.235037187359712,9.007981508759734,1.4182819405215044,False,71.63436118956992
499,2026-04-11 02:15:50,1.8000732116637976,65.20125448405031,10.047100132970675,8.680708608161737,1.3864681318813876,False,72.27063736237224
499,2026-04-11 02:15:52,1.4596306565219397,64.51771693898691,10.24517087556228,8.05908604219303,1.2586203624525465,False,74.82759275094907
499,2026-04-11 02:15:54,1.2389804595573302,65.13259518202472,10.544756668342481,8.57950850120961,1.3531581208592889,False,72.93683758281422
499,2026-04-11 02:15:56,1.274857186215283,65.66595531864792,9.994065664087223,9.122758180241561,1.4386721469276995,False,71.22655706144602
499,2026-04-11 02:15:58,1.4749692798261187,63.79831500743482,10.934761700925382,7.2758687693724795,1.138835606719952,False,77.22328786560095
499,2026-04-11 02:16:00,1.4739740092669742,65.8344553528101,10.970502108718756,9.218944061443075,1.4486320193037172,False,71.02735961392565
499,2026-04-11 02:16:02,1.3392236670577489,65.10481221870897,9.320156257394302,8.571173230288103,1.3744405958943604,False,72.5111880821128
499,2026-04-11 02:16:04,2.2711131102853996,62.880723447772375,9.606908738010882,6.527631201225319,1.0095567023127385,False,79.80886595374523
499,2026-04-11 02:16:06,2.1669267012325535,66.02437373489286,9.147115438727255,9.457436777889633,1.4760487165628573,False,70.47902566874285
499,2026-04-11 02:16:08,1.8880075918640755,65.98835265579393,10.369439501335478,9.466203388104077,1.4856590735861974,False,70.28681852827606
499,2026-04-11 02:16:10,1.177321397898331,66.07501170824972,9.603321411638687,9.494015890430326,1.513523995002526,False,69.72952009994948
499,2026-04-11 02:16:12,0.635286286554154,64.5044306610369,8.726432667735274,7.784432678342469,1.2332562940708403,False,75.3348741185832
499,2026-04-11 02:16:14,1.3546827795507101,65.35508616280319,11.059456785492422,8.752711325008214,1.3840628819412732,False,72.31874236117454
499,2026-04-11 02:16:16,1.3143262075931337,65.19185763348061,9.284240986079428,8.594977382404402,1.3595794623264075,False,72.80841075347185
499,2026-04-11 02:16:18,1.434205550226146,63.544922381220914,9.331504769395336,7.047502861659346,1.118550034874508,False,77.62899930250984
499,2026-04-11 02:16:20,1.260381806699782,64.04699155036708,10.367221940947603,7.497770498384057,1.1774235671978288,False,76.45152865604342
